philz_coffee	https://en.wikipedia.org/wiki/Philz_Coffee
dr_pepper	https://en.wikipedia.org/wiki/Dr_Pepper
funyuns	https://en.wikipedia.org/wiki/Funyuns
aquarius_(sports_drink)	https://en.wikipedia.org/wiki/Aquarius_(sports_drink)
topsia_cola	https://en.wikipedia.org/wiki/Topsia_Cola
calbee	https://en.wikipedia.org/wiki/Calbee
whitey%27s_ice_cream	https://en.wikipedia.org/wiki/Whitey%27s_Ice_Cream
butterball	https://en.wikipedia.org/wiki/Butterball
foxon_park	https://en.wikipedia.org/wiki/Foxon_Park
wonder_bread	https://en.wikipedia.org/wiki/Wonder_Bread
highlands_coffee	https://en.wikipedia.org/wiki/Highlands_Coffee
ocean_spray_(cooperative)	https://en.wikipedia.org/wiki/Ocean_Spray_(cooperative)
lender%27s_bagels	https://en.wikipedia.org/wiki/Lender%27s_Bagels
floyd_wilcox_%26_sons,_inc.	https://en.wikipedia.org/wiki/Floyd_Wilcox_%26_Sons,_Inc.
mavalli_tiffin_room	https://en.wikipedia.org/wiki/Mavalli_Tiffin_Room
jarritos	https://en.wikipedia.org/wiki/Jarritos
country_crock	https://en.wikipedia.org/wiki/Country_Crock
mikes_(restaurant)	https://en.wikipedia.org/wiki/Mikes_(restaurant)
ah_cacao_real_chocolate	https://en.wikipedia.org/wiki/Ah_Cacao_Real_Chocolate
blue_sky_beverage_company	https://en.wikipedia.org/wiki/Blue_Sky_Beverage_Company
evga_s.a	https://en.wikipedia.org/wiki/Evga_S.A
pepperidge_farm	https://en.wikipedia.org/wiki/Pepperidge_Farm
rhino_foods	https://en.wikipedia.org/wiki/Rhino_Foods
seneca_foods	https://en.wikipedia.org/wiki/Seneca_Foods
chr._hansen	https://en.wikipedia.org/wiki/Chr._Hansen
indofood	https://en.wikipedia.org/wiki/Indofood
bright_food	https://en.wikipedia.org/wiki/Bright_Food
seagram%27s	https://en.wikipedia.org/wiki/Seagram%27s
yogurtland	https://en.wikipedia.org/wiki/Yogurtland
del_frisco%27s_restaurant_group	https://en.wikipedia.org/wiki/Del_Frisco%27s_Restaurant_Group
equal_exchange	https://en.wikipedia.org/wiki/Equal_Exchange
fraser_and_neave	https://en.wikipedia.org/wiki/Fraser_and_Neave
est_cola	https://en.wikipedia.org/wiki/Est_Cola
nongshim	https://en.wikipedia.org/wiki/Nongshim
dachan_food_(asia)	https://en.wikipedia.org/wiki/Dachan_Food_(Asia)
american_seafoods	https://en.wikipedia.org/wiki/American_Seafoods
hollandia_produce	https://en.wikipedia.org/wiki/Hollandia_Produce
sun_chips	https://en.wikipedia.org/wiki/Sun_Chips
fox%27s_biscuits	https://en.wikipedia.org/wiki/Fox%27s_Biscuits
breyers	https://en.wikipedia.org/wiki/Breyers
sancor	https://en.wikipedia.org/wiki/SanCor
pg_tips	https://en.wikipedia.org/wiki/PG_Tips
humpty_dumpty_snack_foods	https://en.wikipedia.org/wiki/Humpty_Dumpty_Snack_Foods
jos%c3%a9_arechabala_s.a.	https://en.wikipedia.org/wiki/Jos%C3%A9_Arechabala_S.A.
figaro_coffee_company	https://en.wikipedia.org/wiki/Figaro_Coffee_Company
sarpino%27s_pizzeria	https://en.wikipedia.org/wiki/Sarpino%27s_Pizzeria
nature%27s_pride	https://en.wikipedia.org/wiki/Nature%27s_Pride
entenmann%27s	https://en.wikipedia.org/wiki/Entenmann%27s
whole_foods	https://en.wikipedia.org/wiki/Whole_Foods
annabelle_candy_company	https://en.wikipedia.org/wiki/Annabelle_Candy_Company
mighty_leaf_tea	https://en.wikipedia.org/wiki/Mighty_Leaf_Tea
itc_limited	https://en.wikipedia.org/wiki/ITC_Limited
mr._green_tea_ice_cream_company	https://en.wikipedia.org/wiki/Mr._Green_Tea_Ice_Cream_Company
7_up	https://en.wikipedia.org/wiki/7_up
wei-chuan_food_corporation	https://en.wikipedia.org/wiki/Wei-Chuan_Food_Corporation
weet-bix	https://en.wikipedia.org/wiki/Weet-Bix
convenience_retail_asia	https://en.wikipedia.org/wiki/Convenience_Retail_Asia
khon_kaen_sugar	https://en.wikipedia.org/wiki/Khon_Kaen_Sugar
moxie	https://en.wikipedia.org/wiki/Moxie
wesfarmers	https://en.wikipedia.org/wiki/Wesfarmers
wall%27s_sausages	https://en.wikipedia.org/wiki/Wall%27s_sausages
angel_bakeries	https://en.wikipedia.org/wiki/Angel_Bakeries
coca-cola_light	https://en.wikipedia.org/wiki/Coca-Cola_light
zapp%27s	https://en.wikipedia.org/wiki/Zapp%27s
koch_foods	https://en.wikipedia.org/wiki/Koch_Foods
gourmet_foods	https://en.wikipedia.org/wiki/Gourmet_Foods
nestle	https://en.wikipedia.org/wiki/Nestle
tara_(israel)	https://en.wikipedia.org/wiki/Tara_(Israel)
roshen	https://en.wikipedia.org/wiki/Roshen
maxibon	https://en.wikipedia.org/wiki/Maxibon
crumbs_bake_shop	https://en.wikipedia.org/wiki/Crumbs_Bake_Shop
manner_(confectionery)	https://en.wikipedia.org/wiki/Manner_(confectionery)
241_pizza	https://en.wikipedia.org/wiki/241_Pizza
agua_vida	https://en.wikipedia.org/wiki/Agua_Vida
greene_king	https://en.wikipedia.org/wiki/Greene_King
marie_callender%27s	https://en.wikipedia.org/wiki/Marie_Callender%27s
dolly_madison	https://en.wikipedia.org/wiki/Dolly_Madison
kelluke	https://en.wikipedia.org/wiki/Kelluke
m._m._ispahani_limited	https://en.wikipedia.org/wiki/M._M._Ispahani_Limited
valeo_foods	https://en.wikipedia.org/wiki/Valeo_Foods
alicorp	https://en.wikipedia.org/wiki/Alicorp
armour_%26_company	https://en.wikipedia.org/wiki/Armour_%26_Company
super_supau	https://en.wikipedia.org/wiki/Super_Supau
mty_food_group	https://en.wikipedia.org/wiki/MTY_Food_Group
yves_saint-laurent_(brand)	https://en.wikipedia.org/wiki/Yves_Saint-Laurent_(brand)
bratz	https://en.wikipedia.org/wiki/Bratz
mayfield_dairy	https://en.wikipedia.org/wiki/Mayfield_Dairy
s%c3%bcdzucker	https://en.wikipedia.org/wiki/S%C3%BCdzucker
gujarat_tea_processors_%26_packers_ltd	https://en.wikipedia.org/wiki/Gujarat_Tea_Processors_%26_Packers_Ltd
speight%27s	https://en.wikipedia.org/wiki/Speight%27s
friendly%27s	https://en.wikipedia.org/wiki/Friendly%27s
racine_danish_kringles	https://en.wikipedia.org/wiki/Racine_Danish_Kringles
newman%27s_own	https://en.wikipedia.org/wiki/Newman%27s_Own
the_muppets	https://en.wikipedia.org/wiki/The_Muppets
kee_wah_bakery	https://en.wikipedia.org/wiki/Kee_Wah_Bakery
after_eight	https://en.wikipedia.org/wiki/After_Eight
ringtons	https://en.wikipedia.org/wiki/Ringtons
h._j._heinz_company	https://en.wikipedia.org/wiki/H._J._Heinz_Company
royal_tru	https://en.wikipedia.org/wiki/Royal_Tru
bates_dairy	https://en.wikipedia.org/wiki/Bates_Dairy
ladur%c3%a9e	https://en.wikipedia.org/wiki/Ladur%C3%A9e
happy_joe%27s	https://en.wikipedia.org/wiki/Happy_Joe%27s
toffifee	https://en.wikipedia.org/wiki/Toffifee
see%27s_candies	https://en.wikipedia.org/wiki/See%27s_Candies
chocolates_el_rey	https://en.wikipedia.org/wiki/Chocolates_El_Rey
gorton%27s_of_gloucester	https://en.wikipedia.org/wiki/Gorton%27s_of_Gloucester
curlie	https://en.wikipedia.org/wiki/Curlie
general_mills	https://en.wikipedia.org/wiki/General_Mills
coffeeshop_company	https://en.wikipedia.org/wiki/Coffeeshop_Company
canada_dry	https://en.wikipedia.org/wiki/Canada_Dry
the_soufflet_group	https://en.wikipedia.org/wiki/The_Soufflet_Group
royal_greenland	https://en.wikipedia.org/wiki/Royal_Greenland
vindija_(company)	https://en.wikipedia.org/wiki/Vindija_(company)
lightlife	https://en.wikipedia.org/wiki/Lightlife
sarris_candies	https://en.wikipedia.org/wiki/Sarris_Candies
bisleri	https://en.wikipedia.org/wiki/Bisleri
tallgrass_beef_company	https://en.wikipedia.org/wiki/Tallgrass_Beef_Company
dot_foods	https://en.wikipedia.org/wiki/Dot_Foods
saputo_inc.	https://en.wikipedia.org/wiki/Saputo_Inc.
ottogi	https://en.wikipedia.org/wiki/Ottogi
nature%27s_harmony_farm	https://en.wikipedia.org/wiki/Nature%27s_Harmony_Farm
perrier	https://en.wikipedia.org/wiki/Perrier
salmar	https://en.wikipedia.org/wiki/SalMar
ciel_(beverage)	https://en.wikipedia.org/wiki/Ciel_(beverage)
boar%27s_head_provision_company	https://en.wikipedia.org/wiki/Boar%27s_Head_Provision_Company
american_licorice_company	https://en.wikipedia.org/wiki/American_Licorice_Company
terkenlis	https://en.wikipedia.org/wiki/Terkenlis
green_mountain_coffee_roasters	https://en.wikipedia.org/wiki/Green_Mountain_Coffee_Roasters
ghirardelli_chocolate_company	https://en.wikipedia.org/wiki/Ghirardelli_Chocolate_Company
findus	https://en.wikipedia.org/wiki/Findus
your_pie	https://en.wikipedia.org/wiki/Your_Pie
hot_wheels	https://en.wikipedia.org/wiki/Hot_Wheels
axium_foods	https://en.wikipedia.org/wiki/Axium_Foods
volvic_(mineral_water)	https://en.wikipedia.org/wiki/Volvic_(mineral_water)
prigat	https://en.wikipedia.org/wiki/Prigat
cornetto_(ice_cream)	https://en.wikipedia.org/wiki/Cornetto_(ice_cream)
cheetos	https://en.wikipedia.org/wiki/Cheetos
may_west	https://en.wikipedia.org/wiki/May_West
kalise_menorquina	https://en.wikipedia.org/wiki/Kalise_Menorquina
golden_wonder	https://en.wikipedia.org/wiki/Golden_Wonder
san_pellegrino	https://en.wikipedia.org/wiki/San_Pellegrino
bihar_state_milk_co-operative_federation	https://en.wikipedia.org/wiki/Bihar_State_Milk_Co-operative_Federation
saria	https://en.wikipedia.org/wiki/SARIA
kickapoo_joy_juice	https://en.wikipedia.org/wiki/Kickapoo_Joy_juice
calidad_pascual	https://en.wikipedia.org/wiki/Calidad_Pascual
kegg%27s_candies	https://en.wikipedia.org/wiki/Kegg%27s_Candies
butlers_chocolates	https://en.wikipedia.org/wiki/Butlers_Chocolates
lick_me_i%27m_delicious	https://en.wikipedia.org/wiki/Lick_Me_I%27m_Delicious
mrs._t%27s_pierogies	https://en.wikipedia.org/wiki/Mrs._T%27s_Pierogies
lucky_charms	https://en.wikipedia.org/wiki/Lucky_Charms
tunnock%27s	https://en.wikipedia.org/wiki/Tunnock%27s
tofutti	https://en.wikipedia.org/wiki/Tofutti
2003_cricket_world_cup	https://en.wikipedia.org/wiki/2003_Cricket_World_Cup
pizzaexpress	https://en.wikipedia.org/wiki/PizzaExpress
kool-aid	https://en.wikipedia.org/wiki/Kool-Aid
lakeland_dairies	https://en.wikipedia.org/wiki/Lakeland_Dairies
trebor_(confectionery)	https://en.wikipedia.org/wiki/Trebor_(confectionery)
steaz	https://en.wikipedia.org/wiki/Steaz
bokomo	https://en.wikipedia.org/wiki/Bokomo
primo_schincariol	https://en.wikipedia.org/wiki/Primo_Schincariol
young%27s_bluecrest	https://en.wikipedia.org/wiki/Young%27s_Bluecrest
american_sugar_refining	https://en.wikipedia.org/wiki/American_Sugar_Refining
aunt_bessie%27s	https://en.wikipedia.org/wiki/Aunt_Bessie%27s
lantm%c3%a4nnen	https://en.wikipedia.org/wiki/Lantm%C3%A4nnen
rudolph_foods	https://en.wikipedia.org/wiki/Rudolph_Foods
smash_(instant_mashed_potato)	https://en.wikipedia.org/wiki/Smash_(instant_mashed_potato)
baxters	https://en.wikipedia.org/wiki/Baxters
farmrich	https://en.wikipedia.org/wiki/FarmRich
havanna_(argentine_company)	https://en.wikipedia.org/wiki/Havanna_(Argentine_company)
madhu_jayanti_international	https://en.wikipedia.org/wiki/Madhu_Jayanti_International
neuhaus_(chocolatier)	https://en.wikipedia.org/wiki/Neuhaus_(chocolatier)
sclafani_foods	https://en.wikipedia.org/wiki/Sclafani_Foods
bellamy%27s_australia	https://en.wikipedia.org/wiki/Bellamy%27s_Australia
rowse_honey	https://en.wikipedia.org/wiki/Rowse_Honey
bruce_foods	https://en.wikipedia.org/wiki/Bruce_Foods
jubilant_foodworks	https://en.wikipedia.org/wiki/Jubilant_FoodWorks
fanta	https://en.wikipedia.org/wiki/Fanta
red_mill_(snack_food_manufacturer)	https://en.wikipedia.org/wiki/Red_Mill_(snack_food_manufacturer)
danone	https://en.wikipedia.org/wiki/Danone
maille_(company)	https://en.wikipedia.org/wiki/Maille_(company)
bellisio_foods	https://en.wikipedia.org/wiki/Bellisio_Foods
cooplands	https://en.wikipedia.org/wiki/Cooplands
luck%27s_incorporated	https://en.wikipedia.org/wiki/Luck%27s_Incorporated
ferrero_rocher	https://en.wikipedia.org/wiki/Ferrero_Rocher
kikkoman	https://en.wikipedia.org/wiki/Kikkoman
little_debbie	https://en.wikipedia.org/wiki/Little_Debbie
kusmi_tea	https://en.wikipedia.org/wiki/Kusmi_Tea
marico	https://en.wikipedia.org/wiki/Marico
clover_stornetta_farms	https://en.wikipedia.org/wiki/Clover_Stornetta_Farms
tim%27s_cascade_snacks	https://en.wikipedia.org/wiki/Tim%27s_Cascade_Snacks
kweichow_moutai_company	https://en.wikipedia.org/wiki/Kweichow_Moutai_Company
agropur	https://en.wikipedia.org/wiki/Agropur
hilcona	https://en.wikipedia.org/wiki/Hilcona
sabritas	https://en.wikipedia.org/wiki/Sabritas
parker%27s	https://en.wikipedia.org/wiki/Parker%27s
sugar_free_full_throttle	https://en.wikipedia.org/wiki/Sugar_Free_Full_Throttle
rita%27s_italian_ice	https://en.wikipedia.org/wiki/Rita%27s_Italian_Ice
cafe_coffee_day	https://en.wikipedia.org/wiki/Cafe_Coffee_Day
vimto	https://en.wikipedia.org/wiki/Vimto
asahi_breweries	https://en.wikipedia.org/wiki/Asahi_Breweries
distell_group_limited	https://en.wikipedia.org/wiki/Distell_Group_Limited
boston_pizza	https://en.wikipedia.org/wiki/Boston_Pizza
parker_house_sausage_company	https://en.wikipedia.org/wiki/Parker_House_Sausage_Company
campbell_soup_company	https://en.wikipedia.org/wiki/Campbell_Soup_Company
vlasic_pickles	https://en.wikipedia.org/wiki/Vlasic_Pickles
darigold	https://en.wikipedia.org/wiki/Darigold
svitoch	https://en.wikipedia.org/wiki/Svitoch
sinebrychoff	https://en.wikipedia.org/wiki/Sinebrychoff
corporaci%c3%b3n_lindley_s.a.	https://en.wikipedia.org/wiki/Corporaci%C3%B3n_Lindley_S.A.
old_orchard_brands	https://en.wikipedia.org/wiki/Old_Orchard_Brands
vivartia	https://en.wikipedia.org/wiki/Vivartia
imlek_a.d.	https://en.wikipedia.org/wiki/Imlek_a.d.
lazzaroni	https://en.wikipedia.org/wiki/Lazzaroni
%c4%8cakove%c4%8dki_mlinovi	https://en.wikipedia.org/wiki/%C4%8Cakove%C4%8Dki_mlinovi
nos_(drink)	https://en.wikipedia.org/wiki/NOS_(drink)
sunshine_dairy	https://en.wikipedia.org/wiki/Sunshine_Dairy
ssp_group	https://en.wikipedia.org/wiki/SSP_Group
smartfood	https://en.wikipedia.org/wiki/Smartfood
empresa_de_cervejas_da_madeira	https://en.wikipedia.org/wiki/Empresa_de_Cervejas_da_Madeira
fred%27s_frozen_foods	https://en.wikipedia.org/wiki/Fred%27s_Frozen_Foods
solo_foods	https://en.wikipedia.org/wiki/Solo_Foods
arizona_beverage_company	https://en.wikipedia.org/wiki/AriZona_Beverage_Company
guarana_antarctica	https://en.wikipedia.org/wiki/Guarana_Antarctica
seoul_milk	https://en.wikipedia.org/wiki/Seoul_Milk
compass_coffee	https://en.wikipedia.org/wiki/Compass_Coffee
kashi_company	https://en.wikipedia.org/wiki/Kashi_Company
crispers_(snack_food)	https://en.wikipedia.org/wiki/Crispers_(snack_food)
campofr%c3%ado_food_group	https://en.wikipedia.org/wiki/Campofr%C3%ADo_Food_Group
lerum_(company)	https://en.wikipedia.org/wiki/Lerum_(company)
super_bubble	https://en.wikipedia.org/wiki/Super_Bubble
hires_root_beer	https://en.wikipedia.org/wiki/Hires_Root_Beer
the_original_italian_pie	https://en.wikipedia.org/wiki/The_Original_Italian_Pie
revelator_coffee	https://en.wikipedia.org/wiki/Revelator_Coffee
pulla_reddy_sweets	https://en.wikipedia.org/wiki/Pulla_Reddy_Sweets
mengniu_dairy	https://en.wikipedia.org/wiki/Mengniu_Dairy
mama_sita%27s_holding_company	https://en.wikipedia.org/wiki/Mama_Sita%27s_Holding_Company
fry_group_foods	https://en.wikipedia.org/wiki/Fry_Group_Foods
cup_noodles	https://en.wikipedia.org/wiki/Cup_Noodles
colcom_foods	https://en.wikipedia.org/wiki/Colcom_Foods
gay_lea	https://en.wikipedia.org/wiki/Gay_Lea
dr._oetker	https://en.wikipedia.org/wiki/Dr._Oetker
top_shelf_coffee	https://en.wikipedia.org/wiki/Top_Shelf_Coffee
lesserevil	https://en.wikipedia.org/wiki/LesserEvil
la_croix_sparkling_water	https://en.wikipedia.org/wiki/La_Croix_Sparkling_Water
roman_meal	https://en.wikipedia.org/wiki/Roman_Meal
mighty_munch	https://en.wikipedia.org/wiki/Mighty_Munch
ro-tel	https://en.wikipedia.org/wiki/Ro-Tel
felda_global_ventures_holdings	https://en.wikipedia.org/wiki/Felda_Global_Ventures_Holdings
viro_(company)	https://en.wikipedia.org/wiki/Viro_(company)
pe%c3%b1afiel_(mineral_water)	https://en.wikipedia.org/wiki/Pe%C3%B1afiel_(mineral_water)
reed%27s_candy	https://en.wikipedia.org/wiki/Reed%27s_Candy
bakers_(bakery)	https://en.wikipedia.org/wiki/Bakers_(bakery)
semifreddi%27s_bakery	https://en.wikipedia.org/wiki/Semifreddi%27s_Bakery
grom_(company)	https://en.wikipedia.org/wiki/Grom_(company)
bewley%27s	https://en.wikipedia.org/wiki/Bewley%27s
akbar_tea	https://en.wikipedia.org/wiki/Akbar_Tea
grupo_lala	https://en.wikipedia.org/wiki/Grupo_Lala
amorino_(company)	https://en.wikipedia.org/wiki/Amorino_(company)
kart%27s	https://en.wikipedia.org/wiki/Kart%27s
freshslice_pizza	https://en.wikipedia.org/wiki/Freshslice_Pizza
wissotzky_tea	https://en.wikipedia.org/wiki/Wissotzky_Tea
starburst_(confectionery)	https://en.wikipedia.org/wiki/Starburst_(confectionery)
eskimo_(ice_cream)	https://en.wikipedia.org/wiki/Eskimo_(ice_cream)
bridgehead_coffee	https://en.wikipedia.org/wiki/Bridgehead_Coffee
qibla_cola	https://en.wikipedia.org/wiki/Qibla_Cola
molinos_r%c3%ado_de_la_plata	https://en.wikipedia.org/wiki/Molinos_R%C3%ADo_de_la_Plata
gardein	https://en.wikipedia.org/wiki/Gardein
ornua	https://en.wikipedia.org/wiki/Ornua
moorhouse%27s	https://en.wikipedia.org/wiki/Moorhouse%27s
nob%c3%b3	https://en.wikipedia.org/wiki/Nob%C3%B3
reser%27s_fine_foods	https://en.wikipedia.org/wiki/Reser%27s_Fine_Foods
hint_water	https://en.wikipedia.org/wiki/Hint_Water
farrell%27s_ice_cream_parlour	https://en.wikipedia.org/wiki/Farrell%27s_Ice_Cream_Parlour
street_king_(drink)	https://en.wikipedia.org/wiki/Street_King_(drink)
ingredion	https://en.wikipedia.org/wiki/Ingredion
wesson_cooking_oil	https://en.wikipedia.org/wiki/Wesson_cooking_oil
debonairs_pizza	https://en.wikipedia.org/wiki/Debonairs_Pizza
thorntons	https://en.wikipedia.org/wiki/Thorntons
kopp%27s_frozen_custard	https://en.wikipedia.org/wiki/Kopp%27s_Frozen_Custard
jack_link%27s_beef_jerky	https://en.wikipedia.org/wiki/Jack_Link%27s_Beef_Jerky
superfresh	https://en.wikipedia.org/wiki/SuperFresh
mr_pibb	https://en.wikipedia.org/wiki/Mr_Pibb
amrest	https://en.wikipedia.org/wiki/AmRest
trident_seafoods	https://en.wikipedia.org/wiki/Trident_Seafoods
innocent_drinks	https://en.wikipedia.org/wiki/Innocent_Drinks
greenwich_pizza	https://en.wikipedia.org/wiki/Greenwich_Pizza
want_want	https://en.wikipedia.org/wiki/Want_Want
hi-c_(juice)	https://en.wikipedia.org/wiki/Hi-C_(juice)
nectar_d.o.o.	https://en.wikipedia.org/wiki/Nectar_d.o.o.
salada_tea	https://en.wikipedia.org/wiki/Salada_tea
zensho	https://en.wikipedia.org/wiki/Zensho
showbiz_pizza_place	https://en.wikipedia.org/wiki/ShowBiz_Pizza_Place
autogrill	https://en.wikipedia.org/wiki/Autogrill
rowntree%27s	https://en.wikipedia.org/wiki/Rowntree%27s
archer_daniels_midland	https://en.wikipedia.org/wiki/Archer_Daniels_Midland
nutreco	https://en.wikipedia.org/wiki/Nutreco
grupo_bimbo	https://en.wikipedia.org/wiki/Grupo_Bimbo
a._zerega%27s_sons,_inc.	https://en.wikipedia.org/wiki/A._Zerega%27s_Sons,_Inc.
bongrain	https://en.wikipedia.org/wiki/Bongrain
domstein	https://en.wikipedia.org/wiki/Domstein
big_cola	https://en.wikipedia.org/wiki/Big_Cola
postob%c3%b3n	https://en.wikipedia.org/wiki/Postob%C3%B3n
nippon_flour_mills	https://en.wikipedia.org/wiki/Nippon_Flour_Mills
franck_(company)	https://en.wikipedia.org/wiki/Franck_(company)
lassonde_industries	https://en.wikipedia.org/wiki/Lassonde_Industries
the_briad_group	https://en.wikipedia.org/wiki/The_Briad_Group
dare_foods	https://en.wikipedia.org/wiki/Dare_Foods
american_beverage_association	https://en.wikipedia.org/wiki/American_Beverage_Association
stash_tea	https://en.wikipedia.org/wiki/Stash_Tea
aurora_organic_dairy	https://en.wikipedia.org/wiki/Aurora_Organic_Dairy
happy_cow_creamery	https://en.wikipedia.org/wiki/Happy_Cow_Creamery
mamee_double-decker	https://en.wikipedia.org/wiki/Mamee_Double-Decker
wimmers_soft_drinks	https://en.wikipedia.org/wiki/Wimmers_Soft_Drinks
lipton	https://en.wikipedia.org/wiki/Lipton
rich_products	https://en.wikipedia.org/wiki/Rich_Products
home_run_inn	https://en.wikipedia.org/wiki/Home_Run_Inn
spam_(food)	https://en.wikipedia.org/wiki/Spam_(food)
polo_(confectionery)	https://en.wikipedia.org/wiki/Polo_(confectionery)
mr_kipling	https://en.wikipedia.org/wiki/Mr_Kipling
cheerwine	https://en.wikipedia.org/wiki/Cheerwine
tillamook_county_creamery_association	https://en.wikipedia.org/wiki/Tillamook_County_Creamery_Association
williams_sonoma_(brand)	https://en.wikipedia.org/wiki/Williams_Sonoma_(brand)
irn-bru	https://en.wikipedia.org/wiki/Irn-Bru
backus_and_johnston	https://en.wikipedia.org/wiki/Backus_and_Johnston
fuji_food	https://en.wikipedia.org/wiki/Fuji_Food
westminster_cracker_company	https://en.wikipedia.org/wiki/Westminster_Cracker_Company
clif_bar	https://en.wikipedia.org/wiki/Clif_Bar
pringles	https://en.wikipedia.org/wiki/Pringles
alnatura	https://en.wikipedia.org/wiki/Alnatura
flahavan%27s	https://en.wikipedia.org/wiki/Flahavan%27s
del%27s	https://en.wikipedia.org/wiki/Del%27s
kit_kat	https://en.wikipedia.org/wiki/Kit_Kat
nippon_suisan_kaisha	https://en.wikipedia.org/wiki/Nippon_Suisan_Kaisha
gold_peak_tea	https://en.wikipedia.org/wiki/Gold_Peak_Tea
raisio_group	https://en.wikipedia.org/wiki/Raisio_Group
calavo_growers	https://en.wikipedia.org/wiki/Calavo_Growers
maytag_dairy_farms	https://en.wikipedia.org/wiki/Maytag_Dairy_Farms
heineken_international	https://en.wikipedia.org/wiki/Heineken_International
bisk_farm	https://en.wikipedia.org/wiki/Bisk_Farm
neilson_dairy	https://en.wikipedia.org/wiki/Neilson_Dairy
ernest_hillier_chocolates	https://en.wikipedia.org/wiki/Ernest_Hillier_Chocolates
grieg_seafood	https://en.wikipedia.org/wiki/Grieg_Seafood
vernors	https://en.wikipedia.org/wiki/Vernors
lattella	https://en.wikipedia.org/wiki/Lattella
rani_juice	https://en.wikipedia.org/wiki/Rani_juice
yellow_cab_pizza_co.	https://en.wikipedia.org/wiki/Yellow_Cab_Pizza_Co.
full_throttle_coffee	https://en.wikipedia.org/wiki/Full_Throttle_Coffee
libby%27s	https://en.wikipedia.org/wiki/Libby%27s
firefly_tonics	https://en.wikipedia.org/wiki/Firefly_Tonics
totino%27s	https://en.wikipedia.org/wiki/Totino%27s
neos_(airline)	https://en.wikipedia.org/wiki/Neos_(airline)
greencore	https://en.wikipedia.org/wiki/Greencore
shippam%27s	https://en.wikipedia.org/wiki/Shippam%27s
huon_aquaculture	https://en.wikipedia.org/wiki/Huon_Aquaculture
ya_kun_kaya_toast	https://en.wikipedia.org/wiki/Ya_Kun_Kaya_Toast
blue_bottle_coffee	https://en.wikipedia.org/wiki/Blue_Bottle_Coffee
co-ro_food	https://en.wikipedia.org/wiki/Co-Ro_Food
caf%c3%a9_britt	https://en.wikipedia.org/wiki/Caf%C3%A9_Britt
splenda	https://en.wikipedia.org/wiki/Splenda
jbs_s.a.	https://en.wikipedia.org/wiki/JBS_S.A.
yit_foh_tenom_coffee	https://en.wikipedia.org/wiki/Yit_Foh_Tenom_Coffee
appletiser	https://en.wikipedia.org/wiki/Appletiser
leed_(soft_drink)	https://en.wikipedia.org/wiki/Leed_(soft_drink)
mountain_dew	https://en.wikipedia.org/wiki/Mountain_Dew
samyang_food	https://en.wikipedia.org/wiki/Samyang_Food
davidstea	https://en.wikipedia.org/wiki/DavidsTea
tyrrells_(crisps)	https://en.wikipedia.org/wiki/Tyrrells_(crisps)
slim_fast	https://en.wikipedia.org/wiki/Slim_Fast
biscuiterie_saint-michel	https://en.wikipedia.org/wiki/Biscuiterie_Saint-Michel
vitasoy	https://en.wikipedia.org/wiki/Vitasoy
zevia	https://en.wikipedia.org/wiki/Zevia
badoit	https://en.wikipedia.org/wiki/Badoit
reese%27s	https://en.wikipedia.org/wiki/Reese%27s
mahou-san_miguel_group	https://en.wikipedia.org/wiki/Mahou-San_Miguel_Group
andy%27s_frozen_custard	https://en.wikipedia.org/wiki/Andy%27s_Frozen_Custard
oreos	https://en.wikipedia.org/wiki/Oreos
arun_icecreams	https://en.wikipedia.org/wiki/Arun_Icecreams
tully%27s_coffee	https://en.wikipedia.org/wiki/Tully%27s_Coffee
skylark_group	https://en.wikipedia.org/wiki/Skylark_Group
lewis_road_creamery	https://en.wikipedia.org/wiki/Lewis_Road_Creamery
origus	https://en.wikipedia.org/wiki/Origus
polar_beverages	https://en.wikipedia.org/wiki/Polar_Beverages
duke_and_sons	https://en.wikipedia.org/wiki/Duke_and_Sons
venchi	https://en.wikipedia.org/wiki/Venchi
milma	https://en.wikipedia.org/wiki/Milma
sri_krishna_sweets	https://en.wikipedia.org/wiki/Sri_Krishna_Sweets
natural_ice_cream	https://en.wikipedia.org/wiki/Natural_Ice_Cream
maxwell_house	https://en.wikipedia.org/wiki/Maxwell_House
j_%26_j_snack_foods	https://en.wikipedia.org/wiki/J_%26_J_Snack_Foods
cielo_(water)	https://en.wikipedia.org/wiki/Cielo_(water)
garelick_farms	https://en.wikipedia.org/wiki/Garelick_Farms
club_orange	https://en.wikipedia.org/wiki/Club_Orange
fritos	https://en.wikipedia.org/wiki/Fritos
f._duerr_%26_sons	https://en.wikipedia.org/wiki/F._Duerr_%26_Sons
haigh%27s_chocolates	https://en.wikipedia.org/wiki/Haigh%27s_Chocolates
hans_adler_(business)	https://en.wikipedia.org/wiki/Hans_Adler_(business)
everest_spices	https://en.wikipedia.org/wiki/Everest_Spices
schreiber_foods	https://en.wikipedia.org/wiki/Schreiber_Foods
slimming_world	https://en.wikipedia.org/wiki/Slimming_World
bahlsen	https://en.wikipedia.org/wiki/Bahlsen
don_tacos	https://en.wikipedia.org/wiki/Don_Tacos
jif_(peanut_butter)	https://en.wikipedia.org/wiki/Jif_(peanut_butter)
yancey%27s_fancy	https://en.wikipedia.org/wiki/Yancey%27s_Fancy
sunbeam_bread	https://en.wikipedia.org/wiki/Sunbeam_Bread
h%c3%a4ndlmaier	https://en.wikipedia.org/wiki/H%C3%A4ndlmaier
alterra_coffee_roasters	https://en.wikipedia.org/wiki/Alterra_Coffee_Roasters
franco_manca	https://en.wikipedia.org/wiki/Franco_Manca
bernard_matthews_ltd	https://en.wikipedia.org/wiki/Bernard_Matthews_Ltd
ganong_bros.	https://en.wikipedia.org/wiki/Ganong_Bros.
sunbelt_snacks	https://en.wikipedia.org/wiki/Sunbelt_Snacks
quer%c3%a9taro	https://en.wikipedia.org/wiki/Quer%C3%A9taro
cows_creamery	https://en.wikipedia.org/wiki/Cows_Creamery
mother%27s_pizza	https://en.wikipedia.org/wiki/Mother%27s_Pizza
dasani	https://en.wikipedia.org/wiki/Dasani
marich_confectionery	https://en.wikipedia.org/wiki/Marich_Confectionery
mother_(energy_drink)	https://en.wikipedia.org/wiki/Mother_(energy_drink)
bloomin%27_brands	https://en.wikipedia.org/wiki/Bloomin%27_Brands
premium_brands_holdings_corporation	https://en.wikipedia.org/wiki/Premium_Brands_Holdings_Corporation
babayevsky_(company)	https://en.wikipedia.org/wiki/Babayevsky_(company)
britvic	https://en.wikipedia.org/wiki/Britvic
mckee_foods	https://en.wikipedia.org/wiki/McKee_Foods
annie%27s_homegrown	https://en.wikipedia.org/wiki/Annie%27s_Homegrown
sunopta	https://en.wikipedia.org/wiki/SunOpta
barcel	https://en.wikipedia.org/wiki/Barcel
brinker_international	https://en.wikipedia.org/wiki/Brinker_International
schweppes_australia	https://en.wikipedia.org/wiki/Schweppes_Australia
graze_(company)	https://en.wikipedia.org/wiki/Graze_(company)
numi_organic_tea	https://en.wikipedia.org/wiki/Numi_Organic_Tea
don_jorge	https://en.wikipedia.org/wiki/Don_Jorge
buddy_fruits	https://en.wikipedia.org/wiki/Buddy_Fruits
%c5%a0tark	https://en.wikipedia.org/wiki/%C5%A0tark
caramel_apple_pops	https://en.wikipedia.org/wiki/Caramel_Apple_Pops
morinaga_%26_company	https://en.wikipedia.org/wiki/Morinaga_%26_Company
cream_of_wheat	https://en.wikipedia.org/wiki/Cream_of_Wheat
franklin_baker_company	https://en.wikipedia.org/wiki/Franklin_Baker_Company
munchy%27s	https://en.wikipedia.org/wiki/Munchy%27s
french%27s	https://en.wikipedia.org/wiki/French%27s
ross_group	https://en.wikipedia.org/wiki/Ross_Group
van_camp%27s	https://en.wikipedia.org/wiki/Van_Camp%27s
m%26m_food_market	https://en.wikipedia.org/wiki/M%26M_Food_Market
red_mango,_inc.	https://en.wikipedia.org/wiki/Red_Mango,_Inc.
simonds_farsons_cisk	https://en.wikipedia.org/wiki/Simonds_Farsons_Cisk
frooties	https://en.wikipedia.org/wiki/Frooties
tata_consumer_products	https://en.wikipedia.org/wiki/Tata_Consumer_Products
cj_group	https://en.wikipedia.org/wiki/CJ_Group
chapman%27s	https://en.wikipedia.org/wiki/Chapman%27s
walkers%27_nonsuch	https://en.wikipedia.org/wiki/Walkers%27_Nonsuch
virgin_cola	https://en.wikipedia.org/wiki/Virgin_Cola
maggi	https://en.wikipedia.org/wiki/Maggi
mondelez_international	https://en.wikipedia.org/wiki/Mondelez_International
swanson	https://en.wikipedia.org/wiki/Swanson
lay%27s	https://en.wikipedia.org/wiki/Lay%27s
yazoo_(drink)	https://en.wikipedia.org/wiki/Yazoo_(drink)
marfrig	https://en.wikipedia.org/wiki/Marfrig
kavli_trust	https://en.wikipedia.org/wiki/Kavli_Trust
bionade	https://en.wikipedia.org/wiki/Bionade
bunge_limited	https://en.wikipedia.org/wiki/Bunge_Limited
valrhona	https://en.wikipedia.org/wiki/Valrhona
pepsi	https://en.wikipedia.org/wiki/Pepsi
earthbound_farm	https://en.wikipedia.org/wiki/Earthbound_Farm
sesame_street	https://en.wikipedia.org/wiki/Sesame_Street
american_tea_room	https://en.wikipedia.org/wiki/American_Tea_Room
frijj	https://en.wikipedia.org/wiki/Frijj
the_leavitt_corporation	https://en.wikipedia.org/wiki/The_Leavitt_Corporation
kirks	https://en.wikipedia.org/wiki/Kirks
maola	https://en.wikipedia.org/wiki/Maola
pizza_haven_(australia)	https://en.wikipedia.org/wiki/Pizza_Haven_(Australia)
askinosie_chocolate	https://en.wikipedia.org/wiki/Askinosie_Chocolate
junior_mints	https://en.wikipedia.org/wiki/Junior_Mints
delica_(enterprise)	https://en.wikipedia.org/wiki/Delica_(enterprise)
do_%26_co	https://en.wikipedia.org/wiki/Do_%26_Co
ambev	https://en.wikipedia.org/wiki/AmBev
melitta	https://en.wikipedia.org/wiki/Melitta
2_sisters_food_group	https://en.wikipedia.org/wiki/2_Sisters_Food_Group
frucor	https://en.wikipedia.org/wiki/Frucor
kellogg_company	https://en.wikipedia.org/wiki/Kellogg_Company
julius_meinl	https://en.wikipedia.org/wiki/Julius_Meinl
bachoco	https://en.wikipedia.org/wiki/Bachoco
mrs._smith%27s	https://en.wikipedia.org/wiki/Mrs._Smith%27s
naya_waters	https://en.wikipedia.org/wiki/Naya_Waters
sandella%27s_flatbread_caf%c3%a9	https://en.wikipedia.org/wiki/Sandella%27s_Flatbread_Caf%C3%A9
rag%c3%ba	https://en.wikipedia.org/wiki/Rag%C3%BA
mccain_foods	https://en.wikipedia.org/wiki/McCain_Foods
chateau_ka	https://en.wikipedia.org/wiki/Chateau_Ka
america%27s_incredible_pizza_company	https://en.wikipedia.org/wiki/America%27s_Incredible_Pizza_Company
melissa_s.a.	https://en.wikipedia.org/wiki/Melissa_S.A.
little_einsteins	https://en.wikipedia.org/wiki/Little_Einsteins
highland_spring	https://en.wikipedia.org/wiki/Highland_Spring
spangler_candy_company	https://en.wikipedia.org/wiki/Spangler_Candy_Company
herlocher_foods	https://en.wikipedia.org/wiki/Herlocher_Foods
menchie%27s_frozen_yogurt	https://en.wikipedia.org/wiki/Menchie%27s_Frozen_Yogurt
knorr_(brand)	https://en.wikipedia.org/wiki/Knorr_(brand)
mt._olive_pickle_company	https://en.wikipedia.org/wiki/Mt._Olive_Pickle_Company
treehouse_foods	https://en.wikipedia.org/wiki/TreeHouse_Foods
minor_international	https://en.wikipedia.org/wiki/Minor_International
%c4%8cili	https://en.wikipedia.org/wiki/%C4%8Cili
monsanto	https://en.wikipedia.org/wiki/Monsanto
hebrew_national	https://en.wikipedia.org/wiki/Hebrew_National
maypole_ice_cream	https://en.wikipedia.org/wiki/Maypole_Ice_Cream
jupi%c3%b1a	https://en.wikipedia.org/wiki/Jupi%C3%B1a
big_apple_pizza	https://en.wikipedia.org/wiki/Big_Apple_Pizza
capri_sun	https://en.wikipedia.org/wiki/Capri_Sun
dilmah	https://en.wikipedia.org/wiki/Dilmah
cypress_point_creamery	https://en.wikipedia.org/wiki/Cypress_Point_Creamery
g.i._joe	https://en.wikipedia.org/wiki/G.I._Joe
de_cecco	https://en.wikipedia.org/wiki/De_Cecco
molson_coors_brewing_company	https://en.wikipedia.org/wiki/Molson_Coors_Brewing_Company
associated_british_foods	https://en.wikipedia.org/wiki/Associated_British_Foods
tasti_d-lite	https://en.wikipedia.org/wiki/Tasti_D-Lite
kerala_solvent_extractions	https://en.wikipedia.org/wiki/Kerala_Solvent_Extractions
glico	https://en.wikipedia.org/wiki/Glico
empire_kosher	https://en.wikipedia.org/wiki/Empire_Kosher
tom_wahl%27s	https://en.wikipedia.org/wiki/Tom_Wahl%27s
borges_mediterranean_group	https://en.wikipedia.org/wiki/Borges_Mediterranean_Group
abbott%27s_frozen_custard	https://en.wikipedia.org/wiki/Abbott%27s_Frozen_Custard
ben_%26_jerry%27s	https://en.wikipedia.org/wiki/Ben_%26_Jerry%27s
dylan%27s_candy_bar	https://en.wikipedia.org/wiki/Dylan%27s_Candy_Bar
kerry_group	https://en.wikipedia.org/wiki/Kerry_Group
florida_ice_and_farm_company	https://en.wikipedia.org/wiki/Florida_Ice_and_Farm_Company
sarson%27s	https://en.wikipedia.org/wiki/Sarson%27s
frooti	https://en.wikipedia.org/wiki/Frooti
mahashian_di_hatti	https://en.wikipedia.org/wiki/Mahashian_Di_Hatti
iglo	https://en.wikipedia.org/wiki/Iglo
flora_(margarine)	https://en.wikipedia.org/wiki/Flora_(margarine)
perry%27s_ice_cream	https://en.wikipedia.org/wiki/Perry%27s_Ice_Cream
bruster%27s_ice_cream	https://en.wikipedia.org/wiki/Bruster%27s_Ice_Cream
grupo_calvo	https://en.wikipedia.org/wiki/Grupo_Calvo
burry%27s	https://en.wikipedia.org/wiki/Burry%27s
san_carlo_(company)	https://en.wikipedia.org/wiki/San_Carlo_(company)
swiss_miss	https://en.wikipedia.org/wiki/Swiss_Miss
conagra_foods	https://en.wikipedia.org/wiki/ConAgra_Foods
feel_good_drinks_co	https://en.wikipedia.org/wiki/Feel_Good_Drinks_Co
golden_flake	https://en.wikipedia.org/wiki/Golden_Flake
house_foods	https://en.wikipedia.org/wiki/House_Foods
figaro%27s_pizza	https://en.wikipedia.org/wiki/Figaro%27s_Pizza
jittery_joe%27s	https://en.wikipedia.org/wiki/Jittery_Joe%27s
parle_bisleri	https://en.wikipedia.org/wiki/Parle_Bisleri
yurun_group	https://en.wikipedia.org/wiki/Yurun_Group
barq%27s	https://en.wikipedia.org/wiki/Barq%27s
higgidy	https://en.wikipedia.org/wiki/Higgidy
shark_stimulation	https://en.wikipedia.org/wiki/Shark_Stimulation
hawaiian_punch	https://en.wikipedia.org/wiki/Hawaiian_Punch
tropicana_products	https://en.wikipedia.org/wiki/Tropicana_Products
silk_(soy_milk)	https://en.wikipedia.org/wiki/Silk_(soy_milk)
kremenchukm%27yaso	https://en.wikipedia.org/wiki/Kremenchukm%27yaso
hartwall	https://en.wikipedia.org/wiki/Hartwall
strauss_group	https://en.wikipedia.org/wiki/Strauss_Group
birds_eye	https://en.wikipedia.org/wiki/Birds_Eye
sabeco_(brewery)	https://en.wikipedia.org/wiki/Sabeco_(brewery)
savola_group	https://en.wikipedia.org/wiki/Savola_Group
klondike_bar	https://en.wikipedia.org/wiki/Klondike_bar
amano_artisan_chocolate	https://en.wikipedia.org/wiki/Amano_Artisan_Chocolate
spc_group	https://en.wikipedia.org/wiki/SPC_Group
just_us!	https://en.wikipedia.org/wiki/Just_Us!
pam_(cooking_oil)	https://en.wikipedia.org/wiki/PAM_(cooking_oil)
betty_crocker	https://en.wikipedia.org/wiki/Betty_Crocker
fan_milk	https://en.wikipedia.org/wiki/Fan_Milk
branston_(food)	https://en.wikipedia.org/wiki/Branston_(food)
herr%27s_snacks	https://en.wikipedia.org/wiki/Herr%27s_Snacks
ler%c3%b8y	https://en.wikipedia.org/wiki/Ler%C3%B8y
republic_biscuit_corporation	https://en.wikipedia.org/wiki/Republic_Biscuit_Corporation
dave%27s_killer_bread	https://en.wikipedia.org/wiki/Dave%27s_Killer_Bread
fruit_shoot	https://en.wikipedia.org/wiki/Fruit_Shoot
air_heads	https://en.wikipedia.org/wiki/Air_Heads
kra%c5%a1	https://en.wikipedia.org/wiki/Kra%C5%A1
maui_pineapple_company	https://en.wikipedia.org/wiki/Maui_Pineapple_Company
topper%27s_pizza_(canadian_restaurant)	https://en.wikipedia.org/wiki/Topper%27s_Pizza_(Canadian_restaurant)
r%26r_ice_cream	https://en.wikipedia.org/wiki/R%26R_Ice_Cream
vion_nv	https://en.wikipedia.org/wiki/Vion_NV
sobe	https://en.wikipedia.org/wiki/SoBe
colavita	https://en.wikipedia.org/wiki/Colavita
pocari_sweat	https://en.wikipedia.org/wiki/Pocari_Sweat
cottage_inn_pizza	https://en.wikipedia.org/wiki/Cottage_Inn_Pizza
beerenberg_farm	https://en.wikipedia.org/wiki/Beerenberg_Farm
sumol_%2b_compal	https://en.wikipedia.org/wiki/Sumol_%2B_Compal
delaware_north	https://en.wikipedia.org/wiki/Delaware_North
blair%27s_sauces_and_snacks	https://en.wikipedia.org/wiki/Blair%27s_Sauces_and_Snacks
winder_farms	https://en.wikipedia.org/wiki/Winder_Farms
elior_group	https://en.wikipedia.org/wiki/Elior_Group
king%27s_hawaiian	https://en.wikipedia.org/wiki/King%27s_Hawaiian
badia_spices	https://en.wikipedia.org/wiki/Badia_Spices
tegel_foods	https://en.wikipedia.org/wiki/Tegel_Foods
orkla_group	https://en.wikipedia.org/wiki/Orkla_Group
george_weston_limited	https://en.wikipedia.org/wiki/George_Weston_Limited
bob%27s_red_mill	https://en.wikipedia.org/wiki/Bob%27s_Red_Mill
deep_foods	https://en.wikipedia.org/wiki/Deep_Foods
a%26w_root_beer	https://en.wikipedia.org/wiki/A%26W_Root_Beer
ledo_(company)	https://en.wikipedia.org/wiki/Ledo_(company)
graeter%27s	https://en.wikipedia.org/wiki/Graeter%27s
utz_quality_foods	https://en.wikipedia.org/wiki/Utz_Quality_Foods
venom_energy	https://en.wikipedia.org/wiki/Venom_Energy
sprite_(drink)	https://en.wikipedia.org/wiki/Sprite_(drink)
granarolo_(company)	https://en.wikipedia.org/wiki/Granarolo_(company)
weis_(frozen_foods_company)	https://en.wikipedia.org/wiki/Weis_(frozen_foods_company)
polo-cockta	https://en.wikipedia.org/wiki/Polo-Cockta
maruchan	https://en.wikipedia.org/wiki/Maruchan
hell_energy_drink	https://en.wikipedia.org/wiki/Hell_Energy_Drink
uncle_maddio%27s_pizza_joint	https://en.wikipedia.org/wiki/Uncle_Maddio%27s_Pizza_Joint
mast_brothers	https://en.wikipedia.org/wiki/Mast_Brothers
guayak%c3%ad_(company)	https://en.wikipedia.org/wiki/Guayak%C3%AD_(company)
brains_brewery	https://en.wikipedia.org/wiki/Brains_Brewery
almarai	https://en.wikipedia.org/wiki/Almarai
blue_diamond_growers	https://en.wikipedia.org/wiki/Blue_Diamond_Growers
nadec	https://en.wikipedia.org/wiki/Nadec
hershey_creamery_company	https://en.wikipedia.org/wiki/Hershey_Creamery_Company
sapporo_brewery	https://en.wikipedia.org/wiki/Sapporo_Brewery
hp_hood	https://en.wikipedia.org/wiki/HP_Hood
sealtest	https://en.wikipedia.org/wiki/Sealtest
ribena	https://en.wikipedia.org/wiki/Ribena
uni-president_enterprises_corporation	https://en.wikipedia.org/wiki/Uni-President_Enterprises_Corporation
life_savers	https://en.wikipedia.org/wiki/Life_Savers
ouma_rusks	https://en.wikipedia.org/wiki/Ouma_Rusks
united_biscuits	https://en.wikipedia.org/wiki/United_Biscuits
dr._wham	https://en.wikipedia.org/wiki/Dr._Wham
granini	https://en.wikipedia.org/wiki/Granini
maple_leaf_foods	https://en.wikipedia.org/wiki/Maple_Leaf_Foods
pet,_inc.	https://en.wikipedia.org/wiki/Pet,_Inc.
weetos	https://en.wikipedia.org/wiki/Weetos
bambi_(company)	https://en.wikipedia.org/wiki/Bambi_(company)
sunnyd	https://en.wikipedia.org/wiki/SunnyD
horizon_organic	https://en.wikipedia.org/wiki/Horizon_Organic
gelato_italia	https://en.wikipedia.org/wiki/Gelato_Italia
donat_mg	https://en.wikipedia.org/wiki/Donat_Mg
squiz	https://en.wikipedia.org/wiki/Squiz
jeno%27s_pizza_(colombia)	https://en.wikipedia.org/wiki/Jeno%27s_Pizza_(Colombia)
hope_and_greenwood	https://en.wikipedia.org/wiki/Hope_and_Greenwood
swisslion_group	https://en.wikipedia.org/wiki/Swisslion_Group
dairy_farm_international_holdings	https://en.wikipedia.org/wiki/Dairy_Farm_International_Holdings
kid_cuisine	https://en.wikipedia.org/wiki/Kid_Cuisine
tyson_foods	https://en.wikipedia.org/wiki/Tyson_Foods
rauch_(company)	https://en.wikipedia.org/wiki/Rauch_(company)
healthy_choice	https://en.wikipedia.org/wiki/Healthy_Choice
orville_redenbacher%27s	https://en.wikipedia.org/wiki/Orville_Redenbacher%27s
parle_agro	https://en.wikipedia.org/wiki/Parle_Agro
bell_food_group	https://en.wikipedia.org/wiki/Bell_Food_Group
lactalis	https://en.wikipedia.org/wiki/Lactalis
tetley	https://en.wikipedia.org/wiki/Tetley
tereos	https://en.wikipedia.org/wiki/Tereos
smiling_hill_farm	https://en.wikipedia.org/wiki/Smiling_Hill_Farm
bertagni	https://en.wikipedia.org/wiki/Bertagni
maliban_biscuit_manufactories_limited	https://en.wikipedia.org/wiki/Maliban_Biscuit_Manufactories_Limited
tingyi_(cayman_islands)_holding_corporation	https://en.wikipedia.org/wiki/Tingyi_(Cayman_Islands)_Holding_Corporation
groupe_limagrain	https://en.wikipedia.org/wiki/Groupe_Limagrain
auvergnat_cola	https://en.wikipedia.org/wiki/Auvergnat_cola
hammarby_if	https://en.wikipedia.org/wiki/Hammarby_IF
dippin%27_dots	https://en.wikipedia.org/wiki/Dippin%27_Dots
breadtalk	https://en.wikipedia.org/wiki/BreadTalk
compass_group	https://en.wikipedia.org/wiki/Compass_Group
dairy_crest	https://en.wikipedia.org/wiki/Dairy_Crest
mello_yello	https://en.wikipedia.org/wiki/Mello_Yello
kurkure	https://en.wikipedia.org/wiki/Kurkure
preshafood	https://en.wikipedia.org/wiki/Preshafood
doublemint	https://en.wikipedia.org/wiki/Doublemint
ale-8-one	https://en.wikipedia.org/wiki/Ale-8-One
leonidas_(chocolate_maker)	https://en.wikipedia.org/wiki/Leonidas_(chocolate_maker)
cawy_bottling_company	https://en.wikipedia.org/wiki/Cawy_Bottling_Company
donatos_pizza	https://en.wikipedia.org/wiki/Donatos_Pizza
timothy%27s_world_coffee	https://en.wikipedia.org/wiki/Timothy%27s_World_Coffee
alvarado_street_bakery	https://en.wikipedia.org/wiki/Alvarado_Street_Bakery
abr_holdings	https://en.wikipedia.org/wiki/ABR_Holdings
rooh_afza	https://en.wikipedia.org/wiki/Rooh_Afza
fresca	https://en.wikipedia.org/wiki/Fresca
mikel_coffee_company	https://en.wikipedia.org/wiki/Mikel_Coffee_Company
nortura	https://en.wikipedia.org/wiki/Nortura
burn_(energy_drink)	https://en.wikipedia.org/wiki/Burn_(energy_drink)
jelly_belly	https://en.wikipedia.org/wiki/Jelly_Belly
aquafina	https://en.wikipedia.org/wiki/Aquafina
red_sky_snacks	https://en.wikipedia.org/wiki/Red_Sky_snacks
dietz_%26_watson	https://en.wikipedia.org/wiki/Dietz_%26_Watson
c%26c_group	https://en.wikipedia.org/wiki/C%26C_Group
snak_king	https://en.wikipedia.org/wiki/Snak_King
surge_(drink)	https://en.wikipedia.org/wiki/Surge_(drink)
sacl%c3%a0_italia	https://en.wikipedia.org/wiki/Sacl%C3%A0_Italia
bama_gruppen	https://en.wikipedia.org/wiki/Bama_Gruppen
cabot_creamery	https://en.wikipedia.org/wiki/Cabot_Creamery
brown-forman	https://en.wikipedia.org/wiki/Brown-Forman
jules_destrooper	https://en.wikipedia.org/wiki/Jules_Destrooper
cloetta	https://en.wikipedia.org/wiki/Cloetta
frito-lay	https://en.wikipedia.org/wiki/Frito-Lay
skips_(snack)	https://en.wikipedia.org/wiki/Skips_(snack)
gerolsteiner_brunnen	https://en.wikipedia.org/wiki/Gerolsteiner_Brunnen
twisties	https://en.wikipedia.org/wiki/Twisties
swizzels_matlow	https://en.wikipedia.org/wiki/Swizzels_Matlow
beher_(ham)	https://en.wikipedia.org/wiki/BEHER_(ham)
ting_hsin_international_group	https://en.wikipedia.org/wiki/Ting_Hsin_International_Group
tabatchnick	https://en.wikipedia.org/wiki/Tabatchnick
century_pacific_food	https://en.wikipedia.org/wiki/Century_Pacific_Food
milko_(swedish_cooperative)	https://en.wikipedia.org/wiki/Milko_(Swedish_cooperative)
rold_gold	https://en.wikipedia.org/wiki/Rold_Gold
borden_(company)	https://en.wikipedia.org/wiki/Borden_(company)
shearer%27s_foods	https://en.wikipedia.org/wiki/Shearer%27s_Foods
bush_brothers_and_company	https://en.wikipedia.org/wiki/Bush_Brothers_and_Company
quatro_soda	https://en.wikipedia.org/wiki/Quatro_Soda
alsea_(company)	https://en.wikipedia.org/wiki/Alsea_(company)
simply_orange	https://en.wikipedia.org/wiki/Simply_Orange
dean_foods	https://en.wikipedia.org/wiki/Dean_Foods
olvi	https://en.wikipedia.org/wiki/Olvi
reily_foods_company	https://en.wikipedia.org/wiki/Reily_Foods_Company
loacker	https://en.wikipedia.org/wiki/Loacker
polar_ice_cream	https://en.wikipedia.org/wiki/Polar_Ice_Cream
bawls	https://en.wikipedia.org/wiki/Bawls
bos_ice_tea	https://en.wikipedia.org/wiki/BOS_Ice_Tea
russo%27s_new_york_pizzeria	https://en.wikipedia.org/wiki/Russo%27s_New_York_Pizzeria
tastykake	https://en.wikipedia.org/wiki/Tastykake
the_restaurant_group	https://en.wikipedia.org/wiki/The_Restaurant_Group
chocolove	https://en.wikipedia.org/wiki/Chocolove
uncle_sam_cereal	https://en.wikipedia.org/wiki/Uncle_Sam_Cereal
reyes_holdings	https://en.wikipedia.org/wiki/Reyes_Holdings
kraft	https://en.wikipedia.org/wiki/Kraft
rivella	https://en.wikipedia.org/wiki/Rivella
carnation_(brand)	https://en.wikipedia.org/wiki/Carnation_(brand)
efes_beverage_group	https://en.wikipedia.org/wiki/Efes_Beverage_Group
darden_restaurants	https://en.wikipedia.org/wiki/Darden_Restaurants
john_martin_brewery	https://en.wikipedia.org/wiki/John_Martin_Brewery
wawel_royal	https://en.wikipedia.org/wiki/Wawel_Royal
tostitos	https://en.wikipedia.org/wiki/Tostitos
groupe_le_duff	https://en.wikipedia.org/wiki/Groupe_Le_Duff
ambrosia_(food_brand)	https://en.wikipedia.org/wiki/Ambrosia_(food_brand)
ramly_group	https://en.wikipedia.org/wiki/Ramly_Group
oatibix	https://en.wikipedia.org/wiki/Oatibix
ricola	https://en.wikipedia.org/wiki/Ricola
jordans_(company)	https://en.wikipedia.org/wiki/Jordans_(company)
juan_valdez_caf%c3%a9	https://en.wikipedia.org/wiki/Juan_Valdez_Caf%C3%A9
driscoll%27s	https://en.wikipedia.org/wiki/Driscoll%27s
funko	https://en.wikipedia.org/wiki/Funko
huy_fong_foods	https://en.wikipedia.org/wiki/Huy_Fong_Foods
august_storck	https://en.wikipedia.org/wiki/August_Storck
cermaq	https://en.wikipedia.org/wiki/Cermaq
tropical_sno	https://en.wikipedia.org/wiki/Tropical_Sno
fazer	https://en.wikipedia.org/wiki/Fazer
winiary_(company)	https://en.wikipedia.org/wiki/Winiary_(company)
perdue_farms	https://en.wikipedia.org/wiki/Perdue_Farms
100plus	https://en.wikipedia.org/wiki/100plus
jays_foods	https://en.wikipedia.org/wiki/Jays_Foods
barilla_group	https://en.wikipedia.org/wiki/Barilla_Group
old_dutch_foods	https://en.wikipedia.org/wiki/Old_Dutch_Foods
la_coste%c3%b1a_(food_company)	https://en.wikipedia.org/wiki/La_Coste%C3%B1a_(food_company)
royal_wessanen	https://en.wikipedia.org/wiki/Royal_Wessanen
the_coffee_bean_%26_tea_leaf	https://en.wikipedia.org/wiki/The_Coffee_Bean_%26_Tea_Leaf
peters_ice_cream	https://en.wikipedia.org/wiki/Peters_Ice_Cream
bell_brand_snack_foods	https://en.wikipedia.org/wiki/Bell_Brand_Snack_Foods
betjeman_%26_barton	https://en.wikipedia.org/wiki/Betjeman_%26_Barton
camperdown_dairy_international	https://en.wikipedia.org/wiki/Camperdown_Dairy_International
country_time	https://en.wikipedia.org/wiki/Country_Time
glaceau_smartwater	https://en.wikipedia.org/wiki/Glaceau_Smartwater
pizza_celentano	https://en.wikipedia.org/wiki/Pizza_Celentano
joe_delucci%27s	https://en.wikipedia.org/wiki/Joe_Delucci%27s
punjana	https://en.wikipedia.org/wiki/Punjana
rot_front_(confectionery_brand)	https://en.wikipedia.org/wiki/Rot_Front_(confectionery_brand)
%c3%9clker	https://en.wikipedia.org/wiki/%C3%9Clker
kix_(cereal)	https://en.wikipedia.org/wiki/Kix_(cereal)
coca-cola_life	https://en.wikipedia.org/wiki/Coca-Cola_Life
koestlin	https://en.wikipedia.org/wiki/Koestlin
indomie_mi_goreng	https://en.wikipedia.org/wiki/Indomie_Mi_goreng
kawartha_dairy_company	https://en.wikipedia.org/wiki/Kawartha_Dairy_Company
obolon_(company)	https://en.wikipedia.org/wiki/Obolon_(company)
la_casera	https://en.wikipedia.org/wiki/La_Casera
diplom-is	https://en.wikipedia.org/wiki/Diplom-Is
hartley%27s	https://en.wikipedia.org/wiki/Hartley%27s
brasserie_nationale_d%27ha%c3%afti	https://en.wikipedia.org/wiki/Brasserie_Nationale_d%27Ha%C3%AFti
premier_foods	https://en.wikipedia.org/wiki/Premier_Foods
pioneer_foods	https://en.wikipedia.org/wiki/Pioneer_Foods
zico_(beverage)	https://en.wikipedia.org/wiki/Zico_(beverage)
atlantic_grupa	https://en.wikipedia.org/wiki/Atlantic_Grupa
uno_pizzeria_%26_grill	https://en.wikipedia.org/wiki/Uno_Pizzeria_%26_Grill
progresso	https://en.wikipedia.org/wiki/Progresso
amedei	https://en.wikipedia.org/wiki/Amedei
bonn_group_of_industries	https://en.wikipedia.org/wiki/Bonn_Group_of_Industries
hostess_brands	https://en.wikipedia.org/wiki/Hostess_Brands
yamazaki_baking	https://en.wikipedia.org/wiki/Yamazaki_Baking
big_gay_ice_cream	https://en.wikipedia.org/wiki/Big_Gay_Ice_Cream
marukome	https://en.wikipedia.org/wiki/Marukome
richelieu_foods	https://en.wikipedia.org/wiki/Richelieu_Foods
united_states_bakery	https://en.wikipedia.org/wiki/United_States_Bakery
thaibev	https://en.wikipedia.org/wiki/ThaiBev
lean_cuisine	https://en.wikipedia.org/wiki/Lean_Cuisine
bakers_delight	https://en.wikipedia.org/wiki/Bakers_Delight
cockta	https://en.wikipedia.org/wiki/Cockta
schmidt_baking_company	https://en.wikipedia.org/wiki/Schmidt_Baking_Company
halo_top_creamery	https://en.wikipedia.org/wiki/Halo_Top_Creamery
monginis	https://en.wikipedia.org/wiki/Monginis
valio	https://en.wikipedia.org/wiki/Valio
anthon_berg	https://en.wikipedia.org/wiki/Anthon_Berg
mott%27s	https://en.wikipedia.org/wiki/Mott%27s
boyer_brothers	https://en.wikipedia.org/wiki/Boyer_Brothers
ww_international	https://en.wikipedia.org/wiki/WW_International
cahill%27s_farm_cheese	https://en.wikipedia.org/wiki/Cahill%27s_Farm_Cheese
bazooka_(chewing_gum)	https://en.wikipedia.org/wiki/Bazooka_(chewing_gum)
alter_eco	https://en.wikipedia.org/wiki/Alter_Eco
coca-cola_amatil	https://en.wikipedia.org/wiki/Coca-Cola_Amatil
yeo_hiap_seng	https://en.wikipedia.org/wiki/Yeo_Hiap_Seng
lancashire_tea	https://en.wikipedia.org/wiki/Lancashire_Tea
tea_fort%c3%a9	https://en.wikipedia.org/wiki/Tea_Fort%C3%A9
barry_callebaut	https://en.wikipedia.org/wiki/Barry_Callebaut
whittard_of_chelsea	https://en.wikipedia.org/wiki/Whittard_of_Chelsea
ceylon_biscuits_limited	https://en.wikipedia.org/wiki/Ceylon_Biscuits_Limited
la_fantana	https://en.wikipedia.org/wiki/La_Fantana
sime_darby	https://en.wikipedia.org/wiki/Sime_Darby
mitr_phol	https://en.wikipedia.org/wiki/Mitr_Phol
oishi_(company)	https://en.wikipedia.org/wiki/Oishi_(company)
cadbury_highlights	https://en.wikipedia.org/wiki/Cadbury_Highlights
nutella	https://en.wikipedia.org/wiki/Nutella
western_family	https://en.wikipedia.org/wiki/Western_Family
dej%c3%a0_blue	https://en.wikipedia.org/wiki/Dej%C3%A0_Blue
gordon_food_service	https://en.wikipedia.org/wiki/Gordon_Food_Service
maaza	https://en.wikipedia.org/wiki/Maaza
red_rose_tea	https://en.wikipedia.org/wiki/Red_Rose_Tea
rc_cola	https://en.wikipedia.org/wiki/RC_cola
kagome_(company)	https://en.wikipedia.org/wiki/Kagome_(company)
knoppers_(sweet_brand)	https://en.wikipedia.org/wiki/Knoppers_(sweet_brand)
second_cup	https://en.wikipedia.org/wiki/Second_Cup
thomy	https://en.wikipedia.org/wiki/Thomy
post_holdings	https://en.wikipedia.org/wiki/Post_Holdings
elmer%27s_fine_foods	https://en.wikipedia.org/wiki/Elmer%27s_Fine_Foods
sosyo	https://en.wikipedia.org/wiki/Sosyo
hovis	https://en.wikipedia.org/wiki/Hovis
bigelow_tea_company	https://en.wikipedia.org/wiki/Bigelow_Tea_Company
brf_s.a.	https://en.wikipedia.org/wiki/BRF_S.A.
lucozade	https://en.wikipedia.org/wiki/Lucozade
pinkberry	https://en.wikipedia.org/wiki/Pinkberry
tr%c3%b6egs_brewing_company	https://en.wikipedia.org/wiki/Tr%C3%B6egs_Brewing_Company
amira_nature_foods	https://en.wikipedia.org/wiki/Amira_Nature_Foods
tayto_(republic_of_ireland)	https://en.wikipedia.org/wiki/Tayto_(Republic_of_Ireland)
chelsea_sugar_refinery	https://en.wikipedia.org/wiki/Chelsea_Sugar_Refinery
siggi%27s_dairy	https://en.wikipedia.org/wiki/Siggi%27s_Dairy
mars,_incorporated	https://en.wikipedia.org/wiki/Mars,_Incorporated
gossner_foods	https://en.wikipedia.org/wiki/Gossner_Foods
divine_chocolate	https://en.wikipedia.org/wiki/Divine_Chocolate
zero_bar	https://en.wikipedia.org/wiki/ZERO_bar
lifeway_foods	https://en.wikipedia.org/wiki/Lifeway_Foods
plum_baby	https://en.wikipedia.org/wiki/Plum_Baby
daiya	https://en.wikipedia.org/wiki/Daiya
faygo	https://en.wikipedia.org/wiki/Faygo
oberto_sausage_company	https://en.wikipedia.org/wiki/Oberto_Sausage_Company
grupo_arcor	https://en.wikipedia.org/wiki/Grupo_Arcor
cactus_cooler	https://en.wikipedia.org/wiki/Cactus_Cooler
sun_drop	https://en.wikipedia.org/wiki/Sun_Drop
mitchell%27s_fruit_farms_limited	https://en.wikipedia.org/wiki/Mitchell%27s_Fruit_Farms_Limited
bonduelle	https://en.wikipedia.org/wiki/Bonduelle
ice_breakers_candy	https://en.wikipedia.org/wiki/Ice_Breakers_candy
restaurant_brands_international	https://en.wikipedia.org/wiki/Restaurant_Brands_International
podravka	https://en.wikipedia.org/wiki/Podravka
cereal_partners_worldwide	https://en.wikipedia.org/wiki/Cereal_Partners_Worldwide
sandora	https://en.wikipedia.org/wiki/Sandora
fluffy_stuff	https://en.wikipedia.org/wiki/Fluffy_Stuff
doubledave%27s_pizzaworks	https://en.wikipedia.org/wiki/DoubleDave%27s_Pizzaworks
yorkshire_tea	https://en.wikipedia.org/wiki/Yorkshire_Tea
toyo_suisan	https://en.wikipedia.org/wiki/Toyo_Suisan
united_plantations	https://en.wikipedia.org/wiki/United_Plantations
nemiroff	https://en.wikipedia.org/wiki/Nemiroff
haribo	https://en.wikipedia.org/wiki/Haribo
the_fairly_oddparents	https://en.wikipedia.org/wiki/The_Fairly_OddParents
sigma_alimentos	https://en.wikipedia.org/wiki/Sigma_Alimentos
seaman%27s_beverages	https://en.wikipedia.org/wiki/Seaman%27s_Beverages
isaly%27s	https://en.wikipedia.org/wiki/Isaly%27s
cosmic_brownies	https://en.wikipedia.org/wiki/Cosmic_Brownies
jazz_(soft_drink)	https://en.wikipedia.org/wiki/Jazz_(soft_drink)
fieldbrook_farms	https://en.wikipedia.org/wiki/Fieldbrook_Farms
karachi_bakery	https://en.wikipedia.org/wiki/Karachi_Bakery
caribou_coffee	https://en.wikipedia.org/wiki/Caribou_Coffee
the_smith%27s_snackfood_company	https://en.wikipedia.org/wiki/The_Smith%27s_Snackfood_Company
dole_food_company	https://en.wikipedia.org/wiki/Dole_Food_Company
refreshers	https://en.wikipedia.org/wiki/Refreshers
colectivo_coffee_roasters	https://en.wikipedia.org/wiki/Colectivo_Coffee_Roasters
rakusen%27s	https://en.wikipedia.org/wiki/Rakusen%27s
arla_foods	https://en.wikipedia.org/wiki/Arla_Foods
foodstuffs	https://en.wikipedia.org/wiki/Foodstuffs
meiji_dairies	https://en.wikipedia.org/wiki/Meiji_Dairies
tassal	https://en.wikipedia.org/wiki/Tassal
cdo_foodsphere	https://en.wikipedia.org/wiki/CDO_Foodsphere
my_food_bag	https://en.wikipedia.org/wiki/My_Food_Bag
fyffes	https://en.wikipedia.org/wiki/Fyffes
r._torre_%26_company,_inc.	https://en.wikipedia.org/wiki/R._Torre_%26_Company,_Inc.
sour_sally	https://en.wikipedia.org/wiki/Sour_Sally
murree_brewery	https://en.wikipedia.org/wiki/Murree_Brewery
tatua_dairy_company	https://en.wikipedia.org/wiki/Tatua_Dairy_Company
rockstar_(drink)	https://en.wikipedia.org/wiki/Rockstar_(drink)
bel_group	https://en.wikipedia.org/wiki/Bel_Group
milk_mantra	https://en.wikipedia.org/wiki/Milk_Mantra
metcalfe%27s_food_company	https://en.wikipedia.org/wiki/Metcalfe%27s_Food_Company
gruma	https://en.wikipedia.org/wiki/Gruma
thanasi_foods	https://en.wikipedia.org/wiki/Thanasi_Foods
talking_rain	https://en.wikipedia.org/wiki/Talking_Rain
connoisseur%27s_bakery	https://en.wikipedia.org/wiki/Connoisseur%27s_Bakery
oscar_mayer	https://en.wikipedia.org/wiki/Oscar_Mayer
thums_up	https://en.wikipedia.org/wiki/Thums_Up
clover_(dairy)	https://en.wikipedia.org/wiki/Clover_(dairy)
lavazza	https://en.wikipedia.org/wiki/Lavazza
president%27s_choice	https://en.wikipedia.org/wiki/President%27s_Choice
wild_(company)	https://en.wikipedia.org/wiki/Wild_(company)
kansas_city_steak_company	https://en.wikipedia.org/wiki/Kansas_City_Steak_Company
nongfu_spring	https://en.wikipedia.org/wiki/Nongfu_Spring
ginsters	https://en.wikipedia.org/wiki/Ginsters
auricchio	https://en.wikipedia.org/wiki/Auricchio
kettle_foods	https://en.wikipedia.org/wiki/Kettle_Foods
yogi_tea	https://en.wikipedia.org/wiki/Yogi_Tea
pierre%27s_ice_cream_company	https://en.wikipedia.org/wiki/Pierre%27s_Ice_Cream_Company
weetabix	https://en.wikipedia.org/wiki/Weetabix
dan-d_foods	https://en.wikipedia.org/wiki/Dan-D_Foods
blaze_pizza	https://en.wikipedia.org/wiki/Blaze_Pizza
groupe_doux	https://en.wikipedia.org/wiki/Groupe_Doux
ajegroup	https://en.wikipedia.org/wiki/Ajegroup
mr_whippy	https://en.wikipedia.org/wiki/Mr_Whippy
boh_plantations	https://en.wikipedia.org/wiki/BOH_Plantations
global_sweeteners	https://en.wikipedia.org/wiki/Global_Sweeteners
parmalat	https://en.wikipedia.org/wiki/Parmalat
rocky_mountain_chocolate_factory	https://en.wikipedia.org/wiki/Rocky_Mountain_Chocolate_Factory
paper_boat	https://en.wikipedia.org/wiki/Paper_Boat
columbus_salame	https://en.wikipedia.org/wiki/Columbus_Salame
goya_foods	https://en.wikipedia.org/wiki/Goya_Foods
ceylon_cold_stores	https://en.wikipedia.org/wiki/Ceylon_Cold_Stores
brasserie_de_la_couronne	https://en.wikipedia.org/wiki/Brasserie_de_la_Couronne
whitman%27s	https://en.wikipedia.org/wiki/Whitman%27s
vault_(drink)	https://en.wikipedia.org/wiki/Vault_(drink)
manischewitz	https://en.wikipedia.org/wiki/Manischewitz
captain_planet	https://en.wikipedia.org/wiki/Captain_Planet
carvel_(franchise)	https://en.wikipedia.org/wiki/Carvel_(franchise)
fiestada	https://en.wikipedia.org/wiki/Fiestada
ok_soda	https://en.wikipedia.org/wiki/OK_Soda
pero_family_farms_food_company	https://en.wikipedia.org/wiki/Pero_Family_Farms_Food_Company
alpro	https://en.wikipedia.org/wiki/Alpro
godiva_(chocolatier)	https://en.wikipedia.org/wiki/Godiva_(chocolatier)
mcvitie%27s	https://en.wikipedia.org/wiki/McVitie%27s
voodoo_doughnut	https://en.wikipedia.org/wiki/Voodoo_Doughnut
boudin_bakery	https://en.wikipedia.org/wiki/Boudin_Bakery
tab_(soft_drink)	https://en.wikipedia.org/wiki/Tab_(soft_drink)
omaha_steaks	https://en.wikipedia.org/wiki/Omaha_Steaks
wrigley%27s	https://en.wikipedia.org/wiki/Wrigley%27s
robinsons_(drink)	https://en.wikipedia.org/wiki/Robinsons_(drink)
boon_rawd_brewery	https://en.wikipedia.org/wiki/Boon_Rawd_Brewery
doritos	https://en.wikipedia.org/wiki/Doritos
scharffen_berger_chocolate_maker	https://en.wikipedia.org/wiki/Scharffen_Berger_Chocolate_Maker
crosse_%26_blackwell	https://en.wikipedia.org/wiki/Crosse_%26_Blackwell
fortnum_%26_mason	https://en.wikipedia.org/wiki/Fortnum_%26_Mason
devro	https://en.wikipedia.org/wiki/Devro
cabbage_patch_kids	https://en.wikipedia.org/wiki/Cabbage_Patch_Kids
carlsberg_group	https://en.wikipedia.org/wiki/Carlsberg_Group
fujimitsu_corporation	https://en.wikipedia.org/wiki/Fujimitsu_Corporation
patties_foods	https://en.wikipedia.org/wiki/Patties_Foods
cofco_group	https://en.wikipedia.org/wiki/COFCO_Group
shezan_international	https://en.wikipedia.org/wiki/Shezan_International
dulce_caf%c3%a9	https://en.wikipedia.org/wiki/Dulce_Caf%C3%A9
del_monte_foods	https://en.wikipedia.org/wiki/Del_Monte_Foods
asia_(soft_drink_brand)	https://en.wikipedia.org/wiki/Asia_(soft_drink_brand)
emmi_ag	https://en.wikipedia.org/wiki/Emmi_AG
talenti	https://en.wikipedia.org/wiki/Talenti
michton	https://en.wikipedia.org/wiki/Michton
dairy_farmers_of_america	https://en.wikipedia.org/wiki/Dairy_Farmers_of_America
ebro_foods	https://en.wikipedia.org/wiki/Ebro_Foods
pakola	https://en.wikipedia.org/wiki/Pakola
rasna	https://en.wikipedia.org/wiki/Rasna
icc_cricket_world_cup_2007	https://en.wikipedia.org/wiki/ICC_Cricket_World_Cup_2007
grupo_nutresa	https://en.wikipedia.org/wiki/Grupo_Nutresa
diedrich_coffee	https://en.wikipedia.org/wiki/Diedrich_Coffee
amy%27s_kitchen	https://en.wikipedia.org/wiki/Amy%27s_Kitchen
universal_robina	https://en.wikipedia.org/wiki/Universal_Robina
quaker_oats	https://en.wikipedia.org/wiki/Quaker_Oats
bickford%27s_australia	https://en.wikipedia.org/wiki/Bickford%27s_Australia
handel%27s_homemade_ice_cream_%26_yogurt	https://en.wikipedia.org/wiki/Handel%27s_Homemade_Ice_Cream_%26_Yogurt
h%c3%a4agen-dazs	https://en.wikipedia.org/wiki/H%C3%A4agen-Dazs
coca_cola	https://en.wikipedia.org/wiki/Coca_Cola
heritage_foods_usa	https://en.wikipedia.org/wiki/Heritage_Foods_USA
resq	https://en.wikipedia.org/wiki/RESQ
cuisine_solutions	https://en.wikipedia.org/wiki/Cuisine_Solutions
log_cabin_syrup	https://en.wikipedia.org/wiki/Log_Cabin_Syrup
maggiemoo%27s_ice_cream_and_treatery	https://en.wikipedia.org/wiki/MaggieMoo%27s_Ice_Cream_and_Treatery
the_hershey_company	https://en.wikipedia.org/wiki/The_Hershey_Company
heritage_foods	https://en.wikipedia.org/wiki/Heritage_Foods
massimo_zanetti_beverage_group	https://en.wikipedia.org/wiki/Massimo_Zanetti_Beverage_Group
bega_cheese	https://en.wikipedia.org/wiki/Bega_Cheese
soprole	https://en.wikipedia.org/wiki/Soprole
mizkan	https://en.wikipedia.org/wiki/Mizkan
great_harvest_bread_company	https://en.wikipedia.org/wiki/Great_Harvest_Bread_Company
la_molisana	https://en.wikipedia.org/wiki/La_Molisana
milo_(drink)	https://en.wikipedia.org/wiki/Milo_(drink)
black_jack_(confectionery)	https://en.wikipedia.org/wiki/Black_Jack_(confectionery)
apollinaris_(water)	https://en.wikipedia.org/wiki/Apollinaris_(water)
mrs._butterworth%27s	https://en.wikipedia.org/wiki/Mrs._Butterworth%27s
gloria_jean%27s_coffees	https://en.wikipedia.org/wiki/Gloria_Jean%27s_Coffees
king_arthur_flour	https://en.wikipedia.org/wiki/King_Arthur_Flour
ferrara_candy_company	https://en.wikipedia.org/wiki/Ferrara_Candy_Company
iron_brew_(south_african_soft_drink)	https://en.wikipedia.org/wiki/Iron_Brew_(South_African_soft_drink)
suminter_india_organics	https://en.wikipedia.org/wiki/Suminter_India_Organics
one_plus	https://en.wikipedia.org/wiki/One_Plus
sunkist_(soft_drink)	https://en.wikipedia.org/wiki/Sunkist_(soft_drink)
blackjack_pizza	https://en.wikipedia.org/wiki/Blackjack_Pizza
wall%27s_(ice_cream)	https://en.wikipedia.org/wiki/Wall%27s_(ice_cream)
snow_brand_milk_products	https://en.wikipedia.org/wiki/Snow_Brand_Milk_Products
wish-bone	https://en.wikipedia.org/wiki/Wish-Bone
illy	https://en.wikipedia.org/wiki/Illy
friele	https://en.wikipedia.org/wiki/Friele
national_beef_packing_company	https://en.wikipedia.org/wiki/National_Beef_Packing_Company
sargento	https://en.wikipedia.org/wiki/Sargento
yili_group	https://en.wikipedia.org/wiki/Yili_Group
chef_boyardee	https://en.wikipedia.org/wiki/Chef_Boyardee
us_foods	https://en.wikipedia.org/wiki/US_Foods
voiello	https://en.wikipedia.org/wiki/Voiello
zatarain%27s	https://en.wikipedia.org/wiki/Zatarain%27s
the_j.m._smucker_company	https://en.wikipedia.org/wiki/The_J.M._Smucker_Company
coop_norge	https://en.wikipedia.org/wiki/Coop_Norge
popsicle_(brand)	https://en.wikipedia.org/wiki/Popsicle_(brand)
ice_river_springs	https://en.wikipedia.org/wiki/Ice_River_Springs
tazo	https://en.wikipedia.org/wiki/Tazo
2010_fifa_world_cup	https://en.wikipedia.org/wiki/2010_FIFA_World_Cup
brach%27s	https://en.wikipedia.org/wiki/Brach%27s
y%c4%b1ld%c4%b1z_holding	https://en.wikipedia.org/wiki/Y%C4%B1ld%C4%B1z_Holding
smokin%27_joes	https://en.wikipedia.org/wiki/Smokin%27_Joes
hollys_coffee	https://en.wikipedia.org/wiki/Hollys_Coffee
kabaya	https://en.wikipedia.org/wiki/Kabaya
fonterra	https://en.wikipedia.org/wiki/Fonterra
solo_(australian_soft_drink)	https://en.wikipedia.org/wiki/Solo_(Australian_soft_drink)
goetze%27s_candy_company	https://en.wikipedia.org/wiki/Goetze%27s_Candy_Company
turkey_hill_(company)	https://en.wikipedia.org/wiki/Turkey_Hill_(company)
tine_(company)	https://en.wikipedia.org/wiki/Tine_(company)
compa%c3%b1%c3%ada_de_las_cervecer%c3%adas_unidas	https://en.wikipedia.org/wiki/Compa%C3%B1%C3%ADa_de_las_Cervecer%C3%ADas_Unidas
sinalco	https://en.wikipedia.org/wiki/Sinalco
sterilgarda	https://en.wikipedia.org/wiki/Sterilgarda
tchibo	https://en.wikipedia.org/wiki/Tchibo
osem_(company)	https://en.wikipedia.org/wiki/Osem_(company)
dakota_style	https://en.wikipedia.org/wiki/Dakota_Style
royal_club_(brand)	https://en.wikipedia.org/wiki/Royal_Club_(brand)
san_miguel_food_and_beverage	https://en.wikipedia.org/wiki/San_Miguel_Food_and_Beverage
the_andersons	https://en.wikipedia.org/wiki/The_Andersons
drake%27s_cakes	https://en.wikipedia.org/wiki/Drake%27s_Cakes
galliker%27s	https://en.wikipedia.org/wiki/Galliker%27s
greco_pizza_restaurant	https://en.wikipedia.org/wiki/Greco_Pizza_Restaurant
dreyer%27s	https://en.wikipedia.org/wiki/Dreyer%27s
tootsie_roll_industries	https://en.wikipedia.org/wiki/Tootsie_Roll_Industries
avebe	https://en.wikipedia.org/wiki/AVEBE
famous_amos	https://en.wikipedia.org/wiki/Famous_Amos
san_miguel_corporation	https://en.wikipedia.org/wiki/San_Miguel_Corporation
shakey%27s_pizza	https://en.wikipedia.org/wiki/Shakey%27s_Pizza
golden_circle_(company)	https://en.wikipedia.org/wiki/Golden_Circle_(company)
purdy%27s_chocolates	https://en.wikipedia.org/wiki/Purdy%27s_Chocolates
chewits	https://en.wikipedia.org/wiki/Chewits
wrights_pies	https://en.wikipedia.org/wiki/Wrights_Pies
jeni%27s_splendid_ice_creams	https://en.wikipedia.org/wiki/Jeni%27s_Splendid_Ice_Creams
sanitarium_health_food_company	https://en.wikipedia.org/wiki/Sanitarium_Health_Food_Company
zealong	https://en.wikipedia.org/wiki/Zealong
crunk_energy_drink	https://en.wikipedia.org/wiki/Crunk_Energy_Drink
baskin_robbins	https://en.wikipedia.org/wiki/Baskin_Robbins
lovin%27_scoopful	https://en.wikipedia.org/wiki/Lovin%27_Scoopful
alpina_productos_alimenticios	https://en.wikipedia.org/wiki/Alpina_Productos_Alimenticios
murray%27s_cheese	https://en.wikipedia.org/wiki/Murray%27s_Cheese
ito_en	https://en.wikipedia.org/wiki/Ito_En
mr_%26_mrs_t	https://en.wikipedia.org/wiki/Mr_%26_Mrs_T
schoep%27s_ice_cream	https://en.wikipedia.org/wiki/Schoep%27s_Ice_Cream
ritz_crackers	https://en.wikipedia.org/wiki/Ritz_Crackers
peter_pan_(peanut_butter)	https://en.wikipedia.org/wiki/Peter_Pan_(peanut_butter)
mederer_gmbh	https://en.wikipedia.org/wiki/Mederer_GmbH
the_smurfs	https://en.wikipedia.org/wiki/The_Smurfs
coppola_foods	https://en.wikipedia.org/wiki/Coppola_Foods
national_beverage	https://en.wikipedia.org/wiki/National_Beverage
paulig	https://en.wikipedia.org/wiki/Paulig
prairie_farms_dairy	https://en.wikipedia.org/wiki/Prairie_Farms_Dairy
carapelli	https://en.wikipedia.org/wiki/Carapelli
chips_ahoy!	https://en.wikipedia.org/wiki/Chips_Ahoy!
mrs._freshley%27s	https://en.wikipedia.org/wiki/Mrs._Freshley%27s
clark%27s_pies	https://en.wikipedia.org/wiki/Clark%27s_Pies
sayers_(bakery)	https://en.wikipedia.org/wiki/Sayers_(bakery)
buffalo_rock	https://en.wikipedia.org/wiki/Buffalo_Rock
bothwell_cheese	https://en.wikipedia.org/wiki/Bothwell_Cheese
pizza_factory	https://en.wikipedia.org/wiki/Pizza_Factory
dine_brands_global	https://en.wikipedia.org/wiki/Dine_Brands_Global
tapat%c3%ado_hot_sauce	https://en.wikipedia.org/wiki/Tapat%C3%ADo_hot_sauce
wax_lips	https://en.wikipedia.org/wiki/Wax_lips
ds_group	https://en.wikipedia.org/wiki/DS_Group
slow_cow	https://en.wikipedia.org/wiki/Slow_Cow
limca	https://en.wikipedia.org/wiki/Limca
sabmiller	https://en.wikipedia.org/wiki/SABMiller
bundaberg_brewed_drinks	https://en.wikipedia.org/wiki/Bundaberg_Brewed_Drinks
appalachian_brewing_company	https://en.wikipedia.org/wiki/Appalachian_Brewing_Company
mother_dairy	https://en.wikipedia.org/wiki/Mother_Dairy
peperami	https://en.wikipedia.org/wiki/Peperami
nature%27s_path	https://en.wikipedia.org/wiki/Nature%27s_Path
eggo	https://en.wikipedia.org/wiki/Eggo
tangerine_confectionery	https://en.wikipedia.org/wiki/Tangerine_Confectionery
trolli	https://en.wikipedia.org/wiki/Trolli
tampico_beverages	https://en.wikipedia.org/wiki/Tampico_Beverages
llaollao	https://en.wikipedia.org/wiki/Llaollao
crystal_creamery	https://en.wikipedia.org/wiki/Crystal_Creamery
empresas_polar	https://en.wikipedia.org/wiki/Empresas_Polar
rice_krispies	https://en.wikipedia.org/wiki/Rice_Krispies
vocelli_pizza	https://en.wikipedia.org/wiki/Vocelli_Pizza
welcome_break	https://en.wikipedia.org/wiki/Welcome_Break
the_icee_company	https://en.wikipedia.org/wiki/The_Icee_Company
g%c3%bc	https://en.wikipedia.org/wiki/G%C3%BC
qoo	https://en.wikipedia.org/wiki/Qoo
damavand_mineral_water	https://en.wikipedia.org/wiki/Damavand_Mineral_Water
giordano%27s_pizzeria	https://en.wikipedia.org/wiki/Giordano%27s_Pizzeria
fufeng_group	https://en.wikipedia.org/wiki/Fufeng_Group
the_a2_milk_company	https://en.wikipedia.org/wiki/The_a2_Milk_Company
landwer_coffee	https://en.wikipedia.org/wiki/Landwer_coffee
carabao_daeng	https://en.wikipedia.org/wiki/Carabao_Daeng
serenitea	https://en.wikipedia.org/wiki/Serenitea
san_nicasio	https://en.wikipedia.org/wiki/San_Nicasio
nabisco	https://en.wikipedia.org/wiki/Nabisco
roman%27s_pizza	https://en.wikipedia.org/wiki/Roman%27s_Pizza
alpura_(company)	https://en.wikipedia.org/wiki/Alpura_(company)
clipper_tea	https://en.wikipedia.org/wiki/Clipper_tea
hunt%27s	https://en.wikipedia.org/wiki/Hunt%27s
death_wish_coffee	https://en.wikipedia.org/wiki/Death_Wish_Coffee
krasny_oktyabr_(confectionery_brand)	https://en.wikipedia.org/wiki/Krasny_Oktyabr_(confectionery_brand)
kinnie	https://en.wikipedia.org/wiki/Kinnie
mug_root_beer	https://en.wikipedia.org/wiki/Mug_Root_Beer
douwe_egberts	https://en.wikipedia.org/wiki/Douwe_Egberts
landry%27s,_inc.	https://en.wikipedia.org/wiki/Landry%27s,_Inc.
hero_group	https://en.wikipedia.org/wiki/Hero_Group
george_steuart_group	https://en.wikipedia.org/wiki/George_Steuart_Group
oasis_(drink)	https://en.wikipedia.org/wiki/Oasis_(drink)
chivers_and_sons	https://en.wikipedia.org/wiki/Chivers_and_Sons
a._le_coq	https://en.wikipedia.org/wiki/A._Le_Coq
cargill	https://en.wikipedia.org/wiki/Cargill
mecca-cola	https://en.wikipedia.org/wiki/Mecca-Cola
britannia_industries	https://en.wikipedia.org/wiki/Britannia_Industries
dunn_bros	https://en.wikipedia.org/wiki/Dunn_Bros
tip_top_(ice_cream)	https://en.wikipedia.org/wiki/Tip_Top_(ice_cream)
shamrock_farms	https://en.wikipedia.org/wiki/Shamrock_Farms
streit%27s	https://en.wikipedia.org/wiki/Streit%27s
m%26m%27s	https://en.wikipedia.org/wiki/M%26M%27s
doosan_corporation	https://en.wikipedia.org/wiki/Doosan_Corporation
welch%27s	https://en.wikipedia.org/wiki/Welch%27s
le_pain_quotidien	https://en.wikipedia.org/wiki/Le_Pain_Quotidien
engro_corporation	https://en.wikipedia.org/wiki/Engro_Corporation
ideal_ice_cream	https://en.wikipedia.org/wiki/Ideal_Ice_Cream
charoen_pokphand_foods	https://en.wikipedia.org/wiki/Charoen_Pokphand_Foods
contigroup_companies	https://en.wikipedia.org/wiki/ContiGroup_Companies
rain-blo	https://en.wikipedia.org/wiki/Rain-Blo
ringos	https://en.wikipedia.org/wiki/Ringos
pukka_pies	https://en.wikipedia.org/wiki/Pukka_Pies
dog-gone_sauce	https://en.wikipedia.org/wiki/Dog-Gone_Sauce
yoo-hoo	https://en.wikipedia.org/wiki/Yoo-hoo
kind_healthy_snacks	https://en.wikipedia.org/wiki/KIND_Healthy_Snacks
retail_food_group	https://en.wikipedia.org/wiki/Retail_Food_Group
keebler_company	https://en.wikipedia.org/wiki/Keebler_Company
hjem-is	https://en.wikipedia.org/wiki/Hjem-IS
hkscan	https://en.wikipedia.org/wiki/HKScan
franches-montagnes_brewery	https://en.wikipedia.org/wiki/Franches-Montagnes_Brewery
rubin_(company)	https://en.wikipedia.org/wiki/Rubin_(company)
breadsmith	https://en.wikipedia.org/wiki/Breadsmith
ajinomoto	https://en.wikipedia.org/wiki/Ajinomoto
straw_hat_pizza	https://en.wikipedia.org/wiki/Straw_Hat_Pizza
yumilicious	https://en.wikipedia.org/wiki/Yumilicious
tabasco_sauce	https://en.wikipedia.org/wiki/Tabasco_sauce
nesquik	https://en.wikipedia.org/wiki/Nesquik
marble_slab_creamery	https://en.wikipedia.org/wiki/Marble_Slab_Creamery
amita_(fruit_juice)	https://en.wikipedia.org/wiki/Amita_(fruit_juice)
delta_caf%c3%a9s	https://en.wikipedia.org/wiki/Delta_Caf%C3%A9s
sweet_leaf_tea	https://en.wikipedia.org/wiki/Sweet_Leaf_Tea
shan_food_industries	https://en.wikipedia.org/wiki/Shan_Food_Industries
kwality_wall%27s	https://en.wikipedia.org/wiki/Kwality_Wall%27s
vigor_s.a.	https://en.wikipedia.org/wiki/Vigor_S.A.
minute_maid	https://en.wikipedia.org/wiki/Minute_Maid
2006_fifa_world_cup	https://en.wikipedia.org/wiki/2006_FIFA_World_Cup
force_(cereal)	https://en.wikipedia.org/wiki/Force_(cereal)
barry%27s_tea	https://en.wikipedia.org/wiki/Barry%27s_Tea
chupa_chups	https://en.wikipedia.org/wiki/Chupa_Chups
perfetti_van_melle	https://en.wikipedia.org/wiki/Perfetti_Van_Melle
corsica_cola	https://en.wikipedia.org/wiki/Corsica_Cola
hr_bradfords	https://en.wikipedia.org/wiki/HR_Bradfords
la_seren%c3%adsima	https://en.wikipedia.org/wiki/La_Seren%C3%ADsima
weetabix_limited	https://en.wikipedia.org/wiki/Weetabix_Limited
coffee_beanery	https://en.wikipedia.org/wiki/Coffee_Beanery
harada_tea_processing_co.,_ltd.	https://en.wikipedia.org/wiki/Harada_Tea_Processing_Co.,_Ltd.
cholula_hot_sauce	https://en.wikipedia.org/wiki/Cholula_Hot_Sauce
k%26n%27s	https://en.wikipedia.org/wiki/K%26N%27s
schwan%27s	https://en.wikipedia.org/wiki/Schwan%27s
goodman_fielder	https://en.wikipedia.org/wiki/Goodman_Fielder
cola_turka	https://en.wikipedia.org/wiki/Cola_Turka
darrell_lea	https://en.wikipedia.org/wiki/Darrell_Lea
fuzetea	https://en.wikipedia.org/wiki/Fuzetea
clearly_canadian	https://en.wikipedia.org/wiki/Clearly_Canadian
fjordland	https://en.wikipedia.org/wiki/Fjordland
dava_foods	https://en.wikipedia.org/wiki/DAVA_Foods
danish_agro	https://en.wikipedia.org/wiki/Danish_Agro
upton_tea	https://en.wikipedia.org/wiki/Upton_Tea
leprino_foods	https://en.wikipedia.org/wiki/Leprino_Foods
tastee-freez	https://en.wikipedia.org/wiki/Tastee-Freez
edy%27s	https://en.wikipedia.org/wiki/Edy%27s
frontier_natural_products_co-op	https://en.wikipedia.org/wiki/Frontier_Natural_Products_Co-op
big_apple_bagels	https://en.wikipedia.org/wiki/Big_Apple_Bagels
blue_bell_creameries	https://en.wikipedia.org/wiki/Blue_Bell_Creameries
mazzio%27s_italian_eatery	https://en.wikipedia.org/wiki/Mazzio%27s_Italian_Eatery
dairy_milk	https://en.wikipedia.org/wiki/Dairy_Milk
pure_indian_foods	https://en.wikipedia.org/wiki/Pure_Indian_Foods
gold_spot	https://en.wikipedia.org/wiki/Gold_Spot
joyva	https://en.wikipedia.org/wiki/Joyva
americana_group	https://en.wikipedia.org/wiki/Americana_Group
monster_energy	https://en.wikipedia.org/wiki/Monster_Energy
jolt_cola	https://en.wikipedia.org/wiki/Jolt_Cola
kamis	https://en.wikipedia.org/wiki/Kamis
bip_brewery	https://en.wikipedia.org/wiki/BIP_Brewery
snapple	https://en.wikipedia.org/wiki/Snapple
stouffer%27s	https://en.wikipedia.org/wiki/Stouffer%27s
organic_valley	https://en.wikipedia.org/wiki/Organic_Valley
alpenrose_dairy	https://en.wikipedia.org/wiki/Alpenrose_Dairy
yakult	https://en.wikipedia.org/wiki/Yakult
parle_products	https://en.wikipedia.org/wiki/Parle_Products
omor%c3%89	https://en.wikipedia.org/wiki/OMOR%C3%89
mlesna	https://en.wikipedia.org/wiki/Mlesna
cadwalader%27s_ice_cream	https://en.wikipedia.org/wiki/Cadwalader%27s_Ice_Cream
kelly%27s_of_cornwall	https://en.wikipedia.org/wiki/Kelly%27s_of_Cornwall
wendy%27s_supa_sundaes	https://en.wikipedia.org/wiki/Wendy%27s_Supa_Sundaes
warburtons	https://en.wikipedia.org/wiki/Warburtons
a.g._barr	https://en.wikipedia.org/wiki/A.G._Barr
mirinda	https://en.wikipedia.org/wiki/Mirinda
m%c3%b6venpick_ice_cream	https://en.wikipedia.org/wiki/M%C3%B6venpick_Ice_Cream
the_elf_on_the_shelf	https://en.wikipedia.org/wiki/The_Elf_on_the_Shelf
thrifty_ice_cream	https://en.wikipedia.org/wiki/Thrifty_Ice_Cream
zott_(dairy_company)	https://en.wikipedia.org/wiki/Zott_(dairy_company)
frikom	https://en.wikipedia.org/wiki/Frikom
progressive_enterprises	https://en.wikipedia.org/wiki/Progressive_Enterprises
celestial_seasonings	https://en.wikipedia.org/wiki/Celestial_Seasonings
gregg%27s_(new_zealand)	https://en.wikipedia.org/wiki/Gregg%27s_(New_Zealand)
luby%27s	https://en.wikipedia.org/wiki/Luby%27s
dora_the_explorer	https://en.wikipedia.org/wiki/Dora_the_Explorer
jennie-o	https://en.wikipedia.org/wiki/Jennie-O
datu_puti	https://en.wikipedia.org/wiki/Datu_Puti
epsa	https://en.wikipedia.org/wiki/Epsa
fresh_del_monte_produce	https://en.wikipedia.org/wiki/Fresh_Del_Monte_Produce
mom_brands	https://en.wikipedia.org/wiki/MOM_Brands
teavana	https://en.wikipedia.org/wiki/Teavana
twinings	https://en.wikipedia.org/wiki/Twinings
silver_fern_farms	https://en.wikipedia.org/wiki/Silver_Fern_Farms
sangria_se%c3%b1orial	https://en.wikipedia.org/wiki/Sangria_Se%C3%B1orial
jacob%27s	https://en.wikipedia.org/wiki/Jacob%27s
huiyuan_juice	https://en.wikipedia.org/wiki/Huiyuan_Juice
brooke_bond	https://en.wikipedia.org/wiki/Brooke_Bond
snyder%27s_of_berlin	https://en.wikipedia.org/wiki/Snyder%27s_of_Berlin
wimm-bill-dann_foods	https://en.wikipedia.org/wiki/Wimm-Bill-Dann_Foods
aavin	https://en.wikipedia.org/wiki/Aavin
natrona_bottling_company	https://en.wikipedia.org/wiki/Natrona_Bottling_Company
mfa_incorporated	https://en.wikipedia.org/wiki/MFA_Incorporated
cella%27s	https://en.wikipedia.org/wiki/Cella%27s
just_born	https://en.wikipedia.org/wiki/Just_Born
good_earth_tea	https://en.wikipedia.org/wiki/Good_Earth_Tea
cold_rock_ice_creamery	https://en.wikipedia.org/wiki/Cold_Rock_Ice_Creamery
mccormick_%26_company	https://en.wikipedia.org/wiki/McCormick_%26_Company
frosty_boy	https://en.wikipedia.org/wiki/Frosty_Boy
marin_french_cheese_company	https://en.wikipedia.org/wiki/Marin_French_Cheese_Company
cott	https://en.wikipedia.org/wiki/Cott
restaurant_brands	https://en.wikipedia.org/wiki/Restaurant_Brands
hain_celestial_group	https://en.wikipedia.org/wiki/Hain_Celestial_Group
m%c3%bcller_(company)	https://en.wikipedia.org/wiki/M%C3%BCller_(company)
van_houtte	https://en.wikipedia.org/wiki/Van_Houtte
recipe_unlimited	https://en.wikipedia.org/wiki/Recipe_Unlimited
toppers_pizza_(american_restaurant)	https://en.wikipedia.org/wiki/Toppers_Pizza_(American_restaurant)
aalst_chocolate	https://en.wikipedia.org/wiki/Aalst_Chocolate
hilmar_cheese_company	https://en.wikipedia.org/wiki/Hilmar_Cheese_Company
vitta_foods	https://en.wikipedia.org/wiki/Vitta_Foods
ayam_brand	https://en.wikipedia.org/wiki/Ayam_Brand
costa_coffee	https://en.wikipedia.org/wiki/Costa_Coffee
nik-l-nip	https://en.wikipedia.org/wiki/Nik-L-Nip
yarnell_ice_cream_co.	https://en.wikipedia.org/wiki/Yarnell_Ice_Cream_Co.
hyvee	https://en.wikipedia.org/wiki/Hyvee
zpizza	https://en.wikipedia.org/wiki/Zpizza