bounty_(brand)	https://en.wikipedia.org/wiki/Bounty_(brand)
old_spice	https://en.wikipedia.org/wiki/Old_Spice
coors_light	https://en.wikipedia.org/wiki/Coors_Light
brooks_brothers	https://en.wikipedia.org/wiki/Brooks_Brothers
lifebuoy_(soap)	https://en.wikipedia.org/wiki/Lifebuoy_(soap)
folgers	https://en.wikipedia.org/wiki/Folgers
m%c3%a4rklin	https://en.wikipedia.org/wiki/M%C3%A4rklin
melissa_and_doug	https://en.wikipedia.org/wiki/Melissa_and_Doug
kenzo_(brand)	https://en.wikipedia.org/wiki/Kenzo_(brand)
pirelli	https://en.wikipedia.org/wiki/Pirelli
white_beauty	https://en.wikipedia.org/wiki/White_Beauty
soci%c3%a9t%c3%a9_bic	https://en.wikipedia.org/wiki/Soci%C3%A9t%C3%A9_Bic
ariel_(detergent)	https://en.wikipedia.org/wiki/Ariel_(detergent)
stelco	https://en.wikipedia.org/wiki/Stelco
gadzooks_(retailer)	https://en.wikipedia.org/wiki/Gadzooks_(retailer)
irving_tissue	https://en.wikipedia.org/wiki/Irving_Tissue
airtran	https://en.wikipedia.org/wiki/AirTran
junghans	https://en.wikipedia.org/wiki/Junghans
voit	https://en.wikipedia.org/wiki/Voit
cadbury	https://en.wikipedia.org/wiki/Cadbury
sanfaustino	https://en.wikipedia.org/wiki/Sanfaustino
ferrovie_dello_stato_italiane	https://en.wikipedia.org/wiki/Ferrovie_dello_Stato_Italiane
martini_%26_rossi	https://en.wikipedia.org/wiki/Martini_%26_Rossi
oakland_motor_car_company	https://en.wikipedia.org/wiki/Oakland_Motor_Car_Company
indesit_company	https://en.wikipedia.org/wiki/Indesit_Company
mcdonnell_douglas	https://en.wikipedia.org/wiki/McDonnell_Douglas
safilo	https://en.wikipedia.org/wiki/Safilo
koh-i-noor_hardtmuth	https://en.wikipedia.org/wiki/Koh-i-Noor_Hardtmuth
severstal	https://en.wikipedia.org/wiki/Severstal
urban_decay_(cosmetics)	https://en.wikipedia.org/wiki/Urban_Decay_(cosmetics)
american_motors	https://en.wikipedia.org/wiki/American_Motors
alton_railroad	https://en.wikipedia.org/wiki/Alton_Railroad
switchover_media	https://en.wikipedia.org/wiki/Switchover_Media
dior	https://en.wikipedia.org/wiki/Dior
coty_inc	https://en.wikipedia.org/wiki/Coty_Inc
mcs_(fashion_brand)	https://en.wikipedia.org/wiki/MCS_(fashion_brand)
halston	https://en.wikipedia.org/wiki/Halston
perazzi	https://en.wikipedia.org/wiki/Perazzi
austin_motor_company	https://en.wikipedia.org/wiki/Austin_Motor_Company
speedball_(art_products)	https://en.wikipedia.org/wiki/Speedball_(art_products)
dunlop_tyres	https://en.wikipedia.org/wiki/Dunlop_Tyres
staedtler	https://en.wikipedia.org/wiki/Staedtler
norfolk_%26_western_railroad	https://en.wikipedia.org/wiki/Norfolk_%26_Western_Railroad
bottega_veneta	https://en.wikipedia.org/wiki/Bottega_Veneta
nerf	https://en.wikipedia.org/wiki/Nerf
vulcanair	https://en.wikipedia.org/wiki/Vulcanair
ozark_airlines	https://en.wikipedia.org/wiki/Ozark_Airlines
elna_(swiss_company)	https://en.wikipedia.org/wiki/Elna_(Swiss_company)
littlest_pet_shop	https://en.wikipedia.org/wiki/Littlest_Pet_Shop
magneti_marelli	https://en.wikipedia.org/wiki/Magneti_Marelli
ohto	https://en.wikipedia.org/wiki/Ohto
prysmian_group	https://en.wikipedia.org/wiki/Prysmian_Group
azzaro_(perfume)	https://en.wikipedia.org/wiki/Azzaro_(perfume)
playmobil	https://en.wikipedia.org/wiki/Playmobil
reliance_steel_%26_aluminum_co.	https://en.wikipedia.org/wiki/Reliance_Steel_%26_Aluminum_Co.
vivaaerobus.com	https://en.wikipedia.org/wiki/Vivaaerobus.com
coby_electronics_corporation	https://en.wikipedia.org/wiki/Coby_Electronics_Corporation
power_wheels	https://en.wikipedia.org/wiki/Power_Wheels
enron	https://en.wikipedia.org/wiki/Enron
parker_pen_company	https://en.wikipedia.org/wiki/Parker_Pen_Company
juicy_juice	https://en.wikipedia.org/wiki/Juicy_Juice
alenia_aeronautica	https://en.wikipedia.org/wiki/Alenia_Aeronautica
ardex_gmbh	https://en.wikipedia.org/wiki/Ardex_GmbH
braniff_international_airways	https://en.wikipedia.org/wiki/Braniff_International_Airways
royal_aviation	https://en.wikipedia.org/wiki/Royal_Aviation
johnson_controls,_inc.	https://en.wikipedia.org/wiki/Johnson_Controls,_Inc.
new_zealand_national_airways_corporation	https://en.wikipedia.org/wiki/New_Zealand_National_Airways_Corporation
snia_s.p.a.	https://en.wikipedia.org/wiki/SNIA_S.p.A.
perini_navi	https://en.wikipedia.org/wiki/Perini_Navi
flying_legend	https://en.wikipedia.org/wiki/Flying_Legend
persil	https://en.wikipedia.org/wiki/Persil
fendi	https://en.wikipedia.org/wiki/Fendi
persol	https://en.wikipedia.org/wiki/Persol
play-doh	https://en.wikipedia.org/wiki/Play-Doh
crisco	https://en.wikipedia.org/wiki/Crisco
edding	https://en.wikipedia.org/wiki/Edding
aviva	https://en.wikipedia.org/wiki/Aviva
derwent_cumberland_pencil_company	https://en.wikipedia.org/wiki/Derwent_Cumberland_Pencil_Company
staropramen_brewery	https://en.wikipedia.org/wiki/Staropramen_Brewery
airuk	https://en.wikipedia.org/wiki/AirUK
giacomini	https://en.wikipedia.org/wiki/Giacomini
ideal_toy_company	https://en.wikipedia.org/wiki/Ideal_Toy_Company
mega_brands	https://en.wikipedia.org/wiki/Mega_Brands
bizzarrini	https://en.wikipedia.org/wiki/Bizzarrini
canc%c3%ban_international_airport	https://en.wikipedia.org/wiki/Canc%C3%BAn_International_Airport
btr_plc	https://en.wikipedia.org/wiki/BTR_plc
gas_jeans	https://en.wikipedia.org/wiki/Gas_Jeans
suave	https://en.wikipedia.org/wiki/Suave
siderperu	https://en.wikipedia.org/wiki/SIDERPERU
bsrm	https://en.wikipedia.org/wiki/BSRM
mci_inc.	https://en.wikipedia.org/wiki/MCI_Inc.
pennsylvania_railroad	https://en.wikipedia.org/wiki/Pennsylvania_Railroad
sparco	https://en.wikipedia.org/wiki/Sparco
smarties	https://en.wikipedia.org/wiki/Smarties
ak_steel	https://en.wikipedia.org/wiki/AK_Steel
sports_direct	https://en.wikipedia.org/wiki/Sports_Direct
gte	https://en.wikipedia.org/wiki/GTE
cotton_belt_railroad	https://en.wikipedia.org/wiki/Cotton_Belt_Railroad
cluedo	https://en.wikipedia.org/wiki/Cluedo
b%26b_italia	https://en.wikipedia.org/wiki/B%26B_Italia
edsel	https://en.wikipedia.org/wiki/Edsel
imperial_(automobile)	https://en.wikipedia.org/wiki/Imperial_(automobile)
fiol_prosecco	https://en.wikipedia.org/wiki/Fiol_Prosecco
mercury_(automobile)	https://en.wikipedia.org/wiki/Mercury_(automobile)
est%c3%a9e_lauder_companies	https://en.wikipedia.org/wiki/Est%C3%A9e_Lauder_Companies
montgomery_ward	https://en.wikipedia.org/wiki/Montgomery_Ward
a._t._cross_company	https://en.wikipedia.org/wiki/A._T._Cross_Company
breton_(company)	https://en.wikipedia.org/wiki/Breton_(company)
carling	https://en.wikipedia.org/wiki/Carling
companhia_sider%c3%bargica_nacional	https://en.wikipedia.org/wiki/Companhia_Sider%C3%BArgica_Nacional
peerless_motor_company	https://en.wikipedia.org/wiki/Peerless_Motor_Company
wilhelm_schimmel	https://en.wikipedia.org/wiki/Wilhelm_Schimmel
m%c3%a4urer_%26_wirtz	https://en.wikipedia.org/wiki/M%C3%A4urer_%26_Wirtz
drumstick_(ice_cream)	https://en.wikipedia.org/wiki/Drumstick_(ice_cream)
bontoni	https://en.wikipedia.org/wiki/Bontoni
vallourec	https://en.wikipedia.org/wiki/Vallourec
beggin%27_strips	https://en.wikipedia.org/wiki/Beggin%27_Strips
new_york,_new_haven_and_hartford_railroad	https://en.wikipedia.org/wiki/New_York,_New_Haven_and_Hartford_Railroad
fairy_(brand)	https://en.wikipedia.org/wiki/Fairy_(brand)
upn	https://en.wikipedia.org/wiki/UPN
air_kruise	https://en.wikipedia.org/wiki/Air_Kruise
vespa	https://en.wikipedia.org/wiki/Vespa
qatar_steel	https://en.wikipedia.org/wiki/Qatar_Steel
iowa,_chicago_and_eastern_railroad	https://en.wikipedia.org/wiki/Iowa,_Chicago_and_Eastern_Railroad
carter%27s_ink_company	https://en.wikipedia.org/wiki/Carter%27s_Ink_Company
apollo_tyres	https://en.wikipedia.org/wiki/Apollo_Tyres
dove_(toiletries)	https://en.wikipedia.org/wiki/Dove_(toiletries)
avon_products	https://en.wikipedia.org/wiki/Avon_Products
mr._clean	https://en.wikipedia.org/wiki/Mr._Clean
brondi	https://en.wikipedia.org/wiki/Brondi
bracco_(company)	https://en.wikipedia.org/wiki/Bracco_(company)
blue_moon_(beer)	https://en.wikipedia.org/wiki/Blue_Moon_(beer)
child_world	https://en.wikipedia.org/wiki/Child_World
panerai	https://en.wikipedia.org/wiki/Panerai
valpadana	https://en.wikipedia.org/wiki/Valpadana
visa_(credit_card)	https://en.wikipedia.org/wiki/Visa_(credit_card)
chevrolet	https://en.wikipedia.org/wiki/Chevrolet
new_york_central_railroad	https://en.wikipedia.org/wiki/New_York_Central_Railroad
pilot_(pen_company)	https://en.wikipedia.org/wiki/Pilot_(pen_company)
lolita_lempicka	https://en.wikipedia.org/wiki/Henry_Weinhard%27shttps://en.wikipedia.org/wiki/Lolita_Lempicka
maire_tecnimont	https://en.wikipedia.org/wiki/Maire_Tecnimont
borden,_inc.	https://en.wikipedia.org/wiki/Borden,_Inc.
a._uberti,_srl.	https://en.wikipedia.org/wiki/A._Uberti,_Srl.
agv_(helmet_manufacturer)	https://en.wikipedia.org/wiki/AGV_(helmet_manufacturer)
little_people	https://en.wikipedia.org/wiki/Little_People
lancia	https://en.wikipedia.org/wiki/Lancia
saputo_inc	https://en.wikipedia.org/wiki/Saputo_Inc
corona_(beer)	https://en.wikipedia.org/wiki/Corona_(beer)
assicurazioni_generali	https://en.wikipedia.org/wiki/Assicurazioni_Generali
gulf,_mobile_and_ohio_railroad	https://en.wikipedia.org/wiki/Gulf,_Mobile_and_Ohio_Railroad
sbc_communications	https://en.wikipedia.org/wiki/SBC_Communications
siel	https://en.wikipedia.org/wiki/Siel
blue_bottle_coffee_company	https://en.wikipedia.org/wiki/Blue_Bottle_Coffee_Company
schleich	https://en.wikipedia.org/wiki/Schleich
fiat_automobiles	https://en.wikipedia.org/wiki/Fiat_Automobiles
versace	https://en.wikipedia.org/wiki/Versace
bethlehem_steel	https://en.wikipedia.org/wiki/Bethlehem_Steel
pakistan_steel_mills	https://en.wikipedia.org/wiki/Pakistan_Steel_Mills
arrium	https://en.wikipedia.org/wiki/Arrium
eca_sindel	https://en.wikipedia.org/wiki/Eca_Sindel
illinois_central_railroad	https://en.wikipedia.org/wiki/Illinois_Central_Railroad
dulcop	https://en.wikipedia.org/wiki/Dulcop
angelini	https://en.wikipedia.org/wiki/Angelini
rexona	https://en.wikipedia.org/wiki/Rexona
seven_seas_(company)	https://en.wikipedia.org/wiki/Seven_Seas_(company)
agustawestland	https://en.wikipedia.org/wiki/AgustaWestland
ansell	https://en.wikipedia.org/wiki/Ansell
max_mara	https://en.wikipedia.org/wiki/Max_Mara
wow_air	https://en.wikipedia.org/wiki/WOW_Air
alfa_romeo	https://en.wikipedia.org/wiki/Alfa_Romeo
packard	https://en.wikipedia.org/wiki/Packard
proraso	https://en.wikipedia.org/wiki/Proraso
tang_(drink)	https://en.wikipedia.org/wiki/Tang_(drink)
alaska_milk_corporation	https://en.wikipedia.org/wiki/Alaska_Milk_Corporation
panzhihua_iron_and_steel	https://en.wikipedia.org/wiki/Panzhihua_Iron_and_Steel
ralston_purina	https://en.wikipedia.org/wiki/Ralston_Purina
ling-temco-vought	https://en.wikipedia.org/wiki/Ling-Temco-Vought
mervyn%27s	https://en.wikipedia.org/wiki/Mervyn%27s
dreyer%27s_ice_cream	https://en.wikipedia.org/wiki/Dreyer%27s_Ice_Cream
british_european_airways	https://en.wikipedia.org/wiki/British_European_Airways
bell_system	https://en.wikipedia.org/wiki/Bell_System
pentel	https://en.wikipedia.org/wiki/Pentel
ssab	https://en.wikipedia.org/wiki/SSAB
k%27nex	https://en.wikipedia.org/wiki/K%27Nex
goldoni_(company)	https://en.wikipedia.org/wiki/Goldoni_(company)
piaggio_aerospace	https://en.wikipedia.org/wiki/Piaggio_Aerospace
business_express_airlines	https://en.wikipedia.org/wiki/Business_Express_Airlines
atchison,_topeka_%26_santa_fe_railroad	https://en.wikipedia.org/wiki/Atchison,_Topeka_%26_Santa_Fe_Railroad
chicago,_burlington_%26_quincy	https://en.wikipedia.org/wiki/Chicago,_Burlington_%26_Quincy
technogym	https://en.wikipedia.org/wiki/Technogym
vm_motori	https://en.wikipedia.org/wiki/VM_Motori
miracle_whip	https://en.wikipedia.org/wiki/Miracle_Whip
fantic_motor	https://en.wikipedia.org/wiki/Fantic_Motor
western_airlines	https://en.wikipedia.org/wiki/Western_Airlines
lamborghini	https://en.wikipedia.org/wiki/Lamborghini
carpigiani	https://en.wikipedia.org/wiki/Carpigiani
trw_inc.	https://en.wikipedia.org/wiki/TRW_Inc.
jean-henri_pape	https://en.wikipedia.org/wiki/Jean-Henri_Pape
visconti_(company)	https://en.wikipedia.org/wiki/Visconti_(company)
hooters_air	https://en.wikipedia.org/wiki/Hooters_Air
davide_campari_-_milano	https://en.wikipedia.org/wiki/Davide_Campari_-_Milano
zayre	https://en.wikipedia.org/wiki/Zayre
beretta	https://en.wikipedia.org/wiki/Beretta
fabbri_group	https://en.wikipedia.org/wiki/Fabbri_Group
bravo_s.p.a.	https://en.wikipedia.org/wiki/Bravo_S.p.A.
fiat_s.p.a.	https://en.wikipedia.org/wiki/Fiat_S.p.A.
permasteelisa	https://en.wikipedia.org/wiki/Permasteelisa
namiki	https://en.wikipedia.org/wiki/Namiki
toscotec	https://en.wikipedia.org/wiki/Toscotec
allied_airways	https://en.wikipedia.org/wiki/Allied_Airways
lanvin_(clothing)	https://en.wikipedia.org/wiki/Lanvin_(clothing)
gurgel	https://en.wikipedia.org/wiki/Gurgel
malaguti	https://en.wikipedia.org/wiki/Malaguti
sharpie_(marker)	https://en.wikipedia.org/wiki/Sharpie_(marker)
famars	https://en.wikipedia.org/wiki/FAMARS
steinway_%26_sons	https://en.wikipedia.org/wiki/Steinway_%26_Sons
g._d._searle_%26_company	https://en.wikipedia.org/wiki/G._D._Searle_%26_Company
rainbow_s.r.l.	https://en.wikipedia.org/wiki/Rainbow_S.r.l.
maped	https://en.wikipedia.org/wiki/Maped
enel	https://en.wikipedia.org/wiki/Enel
montegrappa	https://en.wikipedia.org/wiki/Montegrappa
sohmer_%26_co.	https://en.wikipedia.org/wiki/Sohmer_%26_Co.
alitalia	https://en.wikipedia.org/wiki/Alitalia
fulgor	https://en.wikipedia.org/wiki/Fulgor
volaris	https://en.wikipedia.org/wiki/Volaris
lux_(soap)	https://en.wikipedia.org/wiki/Lux_(soap)
cartier_(jeweler)	https://en.wikipedia.org/wiki/Cartier_(jeweler)
cellular_one	https://en.wikipedia.org/wiki/Cellular_One
taster%27s_choice	https://en.wikipedia.org/wiki/Taster%27s_Choice
bluescope	https://en.wikipedia.org/wiki/BlueScope
airfix	https://en.wikipedia.org/wiki/Airfix
allegheny_technologies	https://en.wikipedia.org/wiki/Allegheny_Technologies
domtar	https://en.wikipedia.org/wiki/Domtar
duesenberg	https://en.wikipedia.org/wiki/Duesenberg
benelli_(motorcycles)	https://en.wikipedia.org/wiki/Benelli_(motorcycles)
abarth	https://en.wikipedia.org/wiki/Abarth
gaggia	https://en.wikipedia.org/wiki/Gaggia
moto_rumi	https://en.wikipedia.org/wiki/Moto_Rumi
societ%c3%a0_torinese_automobili_rapid	https://en.wikipedia.org/wiki/Societ%C3%A0_Torinese_Automobili_Rapid
flybe	https://en.wikipedia.org/wiki/FlyBe
shanghai_hero_pen_company	https://en.wikipedia.org/wiki/Shanghai_Hero_Pen_Company
altos_hornos_de_m%c3%a9xico	https://en.wikipedia.org/wiki/Altos_Hornos_de_M%C3%A9xico
peroni_brewery	https://en.wikipedia.org/wiki/Peroni_Brewery
itv_digital	https://en.wikipedia.org/wiki/ITV_Digital
snam	https://en.wikipedia.org/wiki/Snam
pet79	https://en.wikipedia.org/wiki/Pet79
studebaker	https://en.wikipedia.org/wiki/Studebaker
chiappa_firearms	https://en.wikipedia.org/wiki/Chiappa_Firearms
b%c3%b6sendorfer	https://en.wikipedia.org/wiki/B%C3%B6sendorfer
pond%27s	https://en.wikipedia.org/wiki/Pond%27s
national_motor_vehicle_company	https://en.wikipedia.org/wiki/National_Motor_Vehicle_Company
pomellato	https://en.wikipedia.org/wiki/Pomellato
downy	https://en.wikipedia.org/wiki/Downy
saturn_corporation	https://en.wikipedia.org/wiki/Saturn_Corporation
cif	https://en.wikipedia.org/wiki/Cif
oldsmobile	https://en.wikipedia.org/wiki/Oldsmobile
airtours	https://en.wikipedia.org/wiki/Airtours
cassina_s.p.a.	https://en.wikipedia.org/wiki/Cassina_S.p.A.
autobianchi	https://en.wikipedia.org/wiki/Autobianchi
reynolds_international_pen_company	https://en.wikipedia.org/wiki/Reynolds_International_Pen_Company
nescaf%c3%a9	https://en.wikipedia.org/wiki/Nescaf%C3%A9
dina_s.a.	https://en.wikipedia.org/wiki/DINA_S.A.
frette	https://en.wikipedia.org/wiki/Frette
pocher	https://en.wikipedia.org/wiki/Pocher
sahaviriya_steel_industries	https://en.wikipedia.org/wiki/Sahaviriya_Steel_Industries
seaboard_system_railroad	https://en.wikipedia.org/wiki/Seaboard_System_Railroad
gcds	https://en.wikipedia.org/wiki/GCDS
suomy	https://en.wikipedia.org/wiki/Suomy
american_telephone_and_telegraph	https://en.wikipedia.org/wiki/American_Telephone_and_Telegraph
robertson%27s	https://en.wikipedia.org/wiki/Robertson%27s
overland_automobile	https://en.wikipedia.org/wiki/Overland_Automobile
jetsgo	https://en.wikipedia.org/wiki/Jetsgo
de_soto_(automobile)	https://en.wikipedia.org/wiki/De_Soto_(automobile)
yard-o-led	https://en.wikipedia.org/wiki/Yard-O-Led
ansett_new_zealand	https://en.wikipedia.org/wiki/Ansett_New_Zealand
swiffer	https://en.wikipedia.org/wiki/Swiffer
onoto_pens	https://en.wikipedia.org/wiki/Onoto_pens
spic_and_span	https://en.wikipedia.org/wiki/Spic_and_Span
kenner_products	https://en.wikipedia.org/wiki/Kenner_Products
lego_mindstorms_nxt	https://en.wikipedia.org/wiki/Lego_Mindstorms_NXT
jean_lassale	https://en.wikipedia.org/wiki/Jean_Lassale
mecc_alte	https://en.wikipedia.org/wiki/Mecc_Alte
iso_(automobile)	https://en.wikipedia.org/wiki/Iso_(automobile)
filippi_boats	https://en.wikipedia.org/wiki/Filippi_Boats
vyrus	https://en.wikipedia.org/wiki/Vyrus
laiwu_steel	https://en.wikipedia.org/wiki/Laiwu_Steel
shansby_group	https://en.wikipedia.org/wiki/Shansby_Group
l%27artisan_parfumeur	https://en.wikipedia.org/wiki/L%27Artisan_Parfumeur
ternium	https://en.wikipedia.org/wiki/Ternium
della_ferrera	https://en.wikipedia.org/wiki/Della_Ferrera
zamperla	https://en.wikipedia.org/wiki/Zamperla
tassimo	https://en.wikipedia.org/wiki/Tassimo
frera	https://en.wikipedia.org/wiki/Frera
aussie_(shampoo)	https://en.wikipedia.org/wiki/Aussie_(shampoo)
missouri_pacific_railroad	https://en.wikipedia.org/wiki/Missouri_Pacific_Railroad
a1_steak_sauce	https://en.wikipedia.org/wiki/A1_Steak_Sauce
valujet	https://en.wikipedia.org/wiki/ValuJet
air_southwest	https://en.wikipedia.org/wiki/Air_Southwest
kamenitza	https://en.wikipedia.org/wiki/Kamenitza
ken-l_ration	https://en.wikipedia.org/wiki/Ken-L_Ration
hoffmann-la_roche	https://en.wikipedia.org/wiki/Hoffmann-La_Roche
azimut_yachts	https://en.wikipedia.org/wiki/Azimut_Yachts
aerom%c3%a9xico	https://en.wikipedia.org/wiki/Aerom%C3%A9xico
dungeons_%26_dragons	https://en.wikipedia.org/wiki/Dungeons_%26_Dragons
bandini_automobili	https://en.wikipedia.org/wiki/Bandini_Automobili
officine_meccaniche	https://en.wikipedia.org/wiki/Officine_Meccaniche
dawn_(brand)	https://en.wikipedia.org/wiki/Dawn_(brand)
berol	https://en.wikipedia.org/wiki/Berol
gucci	https://en.wikipedia.org/wiki/Gucci
piaggio	https://en.wikipedia.org/wiki/Piaggio
petrof	https://en.wikipedia.org/wiki/Petrof
edoardo_raffinerie_garrone	https://en.wikipedia.org/wiki/Edoardo_Raffinerie_Garrone
febreze	https://en.wikipedia.org/wiki/Febreze
lego	https://en.wikipedia.org/wiki/Lego
north_central_airlines	https://en.wikipedia.org/wiki/North_Central_Airlines
missouri-kansas-texas_railroad	https://en.wikipedia.org/wiki/Missouri-Kansas-Texas_Railroad
fazioli	https://en.wikipedia.org/wiki/Fazioli
boucheron	https://en.wikipedia.org/wiki/Boucheron
polly-o	https://en.wikipedia.org/wiki/Polly-O
pinnacle_foods	https://en.wikipedia.org/wiki/Pinnacle_Foods
telit	https://en.wikipedia.org/wiki/Telit
transasia_airways	https://en.wikipedia.org/wiki/TransAsia_Airways
coleco	https://en.wikipedia.org/wiki/Coleco
revco	https://en.wikipedia.org/wiki/Revco
fiat_powertrain_technologies	https://en.wikipedia.org/wiki/Fiat_Powertrain_Technologies
toledo,_st._louis_and_western_railroad	https://en.wikipedia.org/wiki/Toledo,_St._Louis_and_Western_Railroad
herm%c3%a8s	https://en.wikipedia.org/wiki/Herm%C3%A8s
kokuyo_camlin	https://en.wikipedia.org/wiki/Kokuyo_Camlin
koninklijke_hoogovens	https://en.wikipedia.org/wiki/Koninklijke_Hoogovens
ivory_(soap)	https://en.wikipedia.org/wiki/Ivory_(soap)
comau	https://en.wikipedia.org/wiki/Comau
ducati	https://en.wikipedia.org/wiki/Ducati
windows_live	https://en.wikipedia.org/wiki/Windows_Live
fido_freeze	https://en.wikipedia.org/wiki/Fido_Freeze
lanc%c3%b4me	https://en.wikipedia.org/wiki/Lanc%C3%B4me
heartbrand	https://en.wikipedia.org/wiki/Heartbrand
pontiac_(automobile)	https://en.wikipedia.org/wiki/Pontiac_(automobile)
thwaites_%26_reed	https://en.wikipedia.org/wiki/Thwaites_%26_Reed
merrow_sewing_machine_company	https://en.wikipedia.org/wiki/Merrow_Sewing_Machine_Company
luvs	https://en.wikipedia.org/wiki/Luvs
gallet_%26_co.	https://en.wikipedia.org/wiki/Gallet_%26_Co.
risk_(game)	https://en.wikipedia.org/wiki/Risk_(game)
mastercard	https://en.wikipedia.org/wiki/MasterCard
poltrona_frau	https://en.wikipedia.org/wiki/Poltrona_Frau
industria_cartaria_pieretti	https://en.wikipedia.org/wiki/Industria_Cartaria_Pieretti
best_foods	https://en.wikipedia.org/wiki/Best_Foods
willys	https://en.wikipedia.org/wiki/Willys
dainese	https://en.wikipedia.org/wiki/Dainese
softtek	https://en.wikipedia.org/wiki/Softtek
ba_connect	https://en.wikipedia.org/wiki/BA_Connect
fedex	https://en.wikipedia.org/wiki/FedEx
republic_steel	https://en.wikipedia.org/wiki/Republic_Steel
mechel	https://en.wikipedia.org/wiki/Mechel
national_geographic_animal_jam	https://en.wikipedia.org/wiki/National_Geographic_Animal_Jam
uno_(card_game)	https://en.wikipedia.org/wiki/Uno_(card_game)
surf_excel	https://en.wikipedia.org/wiki/Surf_Excel
sunsilk	https://en.wikipedia.org/wiki/Sunsilk
grimaldi_group	https://en.wikipedia.org/wiki/Grimaldi_Group
malossi	https://en.wikipedia.org/wiki/Malossi
qwest	https://en.wikipedia.org/wiki/Qwest
tide_(brand)	https://en.wikipedia.org/wiki/Tide_(brand)
cantine_lungarotti_winery	https://en.wikipedia.org/wiki/Cantine_Lungarotti_Winery
custom_line	https://en.wikipedia.org/wiki/Custom_Line
nestl%c3%a9_candy_shop	https://en.wikipedia.org/wiki/Nestl%C3%A9_Candy_Shop
agip	https://en.wikipedia.org/wiki/Agip
omas	https://en.wikipedia.org/wiki/OMAS
mckaig-hatch	https://en.wikipedia.org/wiki/McKaig-Hatch
sexton_foods	https://en.wikipedia.org/wiki/Sexton_Foods
sk-ii	https://en.wikipedia.org/wiki/SK-II
sure_(brand)	https://en.wikipedia.org/wiki/Sure_(brand)
lionel,_llc	https://en.wikipedia.org/wiki/Lionel,_LLC
same_deutz-fahr	https://en.wikipedia.org/wiki/SAME_Deutz-Fahr
shopkins	https://en.wikipedia.org/wiki/Shopkins
thomas_cook_airlines	https://en.wikipedia.org/wiki/Thomas_Cook_Airlines
zanussi	https://en.wikipedia.org/wiki/Zanussi
salzgitter_ag	https://en.wikipedia.org/wiki/Salzgitter_AG
revell	https://en.wikipedia.org/wiki/Revell
xbox_(console)	https://en.wikipedia.org/wiki/Xbox_(console)
jumex	https://en.wikipedia.org/wiki/Jumex
zhuzhu_pets	https://en.wikipedia.org/wiki/ZhuZhu_Pets
alenia_aermacchi	https://en.wikipedia.org/wiki/Alenia_Aermacchi
air_europe	https://en.wikipedia.org/wiki/Air_Europe
amarcord_brewery	https://en.wikipedia.org/wiki/Amarcord_Brewery
mobile_and_ohio_railroad	https://en.wikipedia.org/wiki/Mobile_and_Ohio_Railroad
marmon_motor_car_company	https://en.wikipedia.org/wiki/Marmon_Motor_Car_Company
new_york,_chicago_and_st._louis_railroad	https://en.wikipedia.org/wiki/New_York,_Chicago_and_St._Louis_Railroad
norwich_eaton_pharmaceuticals	https://en.wikipedia.org/wiki/Norwich_Eaton_Pharmaceuticals
seventh_generation_inc.	https://en.wikipedia.org/wiki/Seventh_Generation_Inc.
gufram	https://en.wikipedia.org/wiki/Gufram
ferrania	https://en.wikipedia.org/wiki/Ferrania
pampers	https://en.wikipedia.org/wiki/Pampers
faber-castell	https://en.wikipedia.org/wiki/Faber-Castell
acqua_di_parma	https://en.wikipedia.org/wiki/Acqua_di_Parma
mittal_steel_company	https://en.wikipedia.org/wiki/Mittal_Steel_Company
my_little_pony	https://en.wikipedia.org/wiki/My_Little_Pony
radox	https://en.wikipedia.org/wiki/Radox
sega_dreamcast	https://en.wikipedia.org/wiki/Sega_Dreamcast
chicago,_milwaukee,_st._paul_%26_pacific_railroad	https://en.wikipedia.org/wiki/Chicago,_Milwaukee,_St._Paul_%26_Pacific_Railroad
bill_knapp%27s	https://en.wikipedia.org/wiki/Bill_Knapp%27s
kaiser_motors	https://en.wikipedia.org/wiki/Kaiser_Motors
penn_central_transportation	https://en.wikipedia.org/wiki/Penn_Central_Transportation
kaweco	https://en.wikipedia.org/wiki/Kaweco
fokker	https://en.wikipedia.org/wiki/Fokker
hamm%27s	https://en.wikipedia.org/wiki/Hamm%27s
fiocchi_munizioni	https://en.wikipedia.org/wiki/Fiocchi_Munizioni
zest_(brand)	https://en.wikipedia.org/wiki/Zest_(brand)
comex_group	https://en.wikipedia.org/wiki/Comex_Group
tampax	https://en.wikipedia.org/wiki/Tampax
british_steel_corporation	https://en.wikipedia.org/wiki/British_Steel_Corporation
ames_department_stores	https://en.wikipedia.org/wiki/Ames_Department_Stores
sweet_leaf_tea_company	https://en.wikipedia.org/wiki/Sweet_Leaf_Tea_Company
vicks	https://en.wikipedia.org/wiki/Vicks
power_rangers	https://en.wikipedia.org/wiki/Power_Rangers
essar	https://en.wikipedia.org/wiki/Essar
lasalle_(automobile)	https://en.wikipedia.org/wiki/LaSalle_(automobile)
jindal_steel_and_power	https://en.wikipedia.org/wiki/Jindal_Steel_and_Power
nestl%c3%a9_waters_north_america	https://en.wikipedia.org/wiki/Nestl%C3%A9_Waters_North_America
nestl%c3%a9_nesquik	https://en.wikipedia.org/wiki/Nestl%C3%A9_Nesquik
ferrari	https://en.wikipedia.org/wiki/Ferrari
isd_corporation	https://en.wikipedia.org/wiki/ISD_Corporation
prestige_brands	https://en.wikipedia.org/wiki/Prestige_Brands
blockbuster_llc	https://en.wikipedia.org/wiki/Blockbuster_LLC
eos_airlines	https://en.wikipedia.org/wiki/Eos_Airlines
siae_microelettronica	https://en.wikipedia.org/wiki/Siae_Microelettronica
sharp%27s_brewery	https://en.wikipedia.org/wiki/Sharp%27s_Brewery
de_tomaso	https://en.wikipedia.org/wiki/De_Tomaso
jaeger-lecoultre	https://en.wikipedia.org/wiki/Jaeger-LeCoultre
gamesa	https://en.wikipedia.org/wiki/Gamesa
birra_moretti	https://en.wikipedia.org/wiki/Birra_Moretti
luxottica	https://en.wikipedia.org/wiki/Luxottica
nespresso	https://en.wikipedia.org/wiki/Nespresso
cantiere_navale_visentini	https://en.wikipedia.org/wiki/Cantiere_Navale_Visentini
bormioli_rocco	https://en.wikipedia.org/wiki/Bormioli_Rocco
nestl%c3%a9_bear_brand	https://en.wikipedia.org/wiki/Nestl%C3%A9_Bear_Brand
bimota	https://en.wikipedia.org/wiki/Bimota
aisin_seiki	https://en.wikipedia.org/wiki/Aisin_Seiki
slam_(clothing)	https://en.wikipedia.org/wiki/SLAM_(clothing)
mabe_(company)	https://en.wikipedia.org/wiki/Mabe_(company)
airtouch	https://en.wikipedia.org/wiki/Airtouch
lady%27s_choice	https://en.wikipedia.org/wiki/Lady%27s_Choice
amora_(mustard)	https://en.wikipedia.org/wiki/Amora_(mustard)
s._t._dupont	https://en.wikipedia.org/wiki/S._T._Dupont
saab_automobile	https://en.wikipedia.org/wiki/Saab_Automobile
chickering_and_sons	https://en.wikipedia.org/wiki/Chickering_and_Sons
metronapoli	https://en.wikipedia.org/wiki/Metronapoli
buitoni	https://en.wikipedia.org/wiki/Buitoni
aac_capital_partners	https://en.wikipedia.org/wiki/AAC_Capital_Partners
gilera	https://en.wikipedia.org/wiki/Gilera
siata	https://en.wikipedia.org/wiki/Siata
airworld	https://en.wikipedia.org/wiki/Airworld
aquila_italiana	https://en.wikipedia.org/wiki/Aquila_Italiana
wuhan_iron_and_steel_corporation	https://en.wikipedia.org/wiki/Wuhan_Iron_and_Steel_Corporation
burlington_northern	https://en.wikipedia.org/wiki/Burlington_Northern
muji	https://en.wikipedia.org/wiki/Muji
miller_lite	https://en.wikipedia.org/wiki/Miller_Lite
rike_kumler_co.	https://en.wikipedia.org/wiki/Rike_Kumler_Co.
officina_stellare	https://en.wikipedia.org/wiki/Officina_Stellare
esterbrook	https://en.wikipedia.org/wiki/Esterbrook
stuart_and_sons	https://en.wikipedia.org/wiki/Stuart_and_Sons
momo_(company)	https://en.wikipedia.org/wiki/Momo_(company)
baltimore_and_ohio_railroad	https://en.wikipedia.org/wiki/Baltimore_and_Ohio_Railroad
dreft	https://en.wikipedia.org/wiki/Dreft
italjet	https://en.wikipedia.org/wiki/Italjet
maxwell_(automobile)	https://en.wikipedia.org/wiki/Maxwell_(automobile)
beneful	https://en.wikipedia.org/wiki/Beneful
montblanc_(company)	https://en.wikipedia.org/wiki/Montblanc_(company)
truefitt_%26_hill	https://en.wikipedia.org/wiki/Truefitt_%26_Hill
pan_am	https://en.wikipedia.org/wiki/Pan_Am
toywatch	https://en.wikipedia.org/wiki/ToyWatch
filly_(toy)	https://en.wikipedia.org/wiki/Filly_(toy)
think_pink_(clothing)	https://en.wikipedia.org/wiki/Think_Pink_(clothing)
baker_motor_vehicle	https://en.wikipedia.org/wiki/Baker_Motor_Vehicle
tennessee	https://en.wikipedia.org/wiki/Tennessee
mediashopping	https://en.wikipedia.org/wiki/Mediashopping
pantene	https://en.wikipedia.org/wiki/Pantene
pelikan	https://en.wikipedia.org/wiki/Pelikan
rancilio	https://en.wikipedia.org/wiki/Rancilio
ambassador_airways	https://en.wikipedia.org/wiki/Ambassador_Airways
benetti	https://en.wikipedia.org/wiki/Benetti
italcementi	https://en.wikipedia.org/wiki/Italcementi
see_%27n_say	https://en.wikipedia.org/wiki/See_%27n_Say
rai	https://en.wikipedia.org/wiki/RAI
telecom_%c3%89ireann	https://en.wikipedia.org/wiki/Telecom_%C3%89ireann
wabash_railroad	https://en.wikipedia.org/wiki/Wabash_Railroad
british_steel_ltd	https://en.wikipedia.org/wiki/British_Steel_Ltd
zenith_(watchmaker)	https://en.wikipedia.org/wiki/Zenith_(watchmaker)
lofra	https://en.wikipedia.org/wiki/Lofra
louisville_and_nashville_railway	https://en.wikipedia.org/wiki/Louisville_and_Nashville_Railway
c._bechstein	https://en.wikipedia.org/wiki/C._Bechstein
chicago_northwestern_railroad	https://en.wikipedia.org/wiki/Chicago_Northwestern_Railroad
benetton_group	https://en.wikipedia.org/wiki/Benetton_Group
oz_group	https://en.wikipedia.org/wiki/OZ_Group
sanford_l.p.	https://en.wikipedia.org/wiki/Sanford_L.P.
corn_popper	https://en.wikipedia.org/wiki/Corn_Popper
zune	https://en.wikipedia.org/wiki/Zune
vittel_(water)	https://en.wikipedia.org/wiki/Vittel_(water)
pur_(brand)	https://en.wikipedia.org/wiki/Crayolahttps://en.wikipedia.org/wiki/Pur_(brand)
simple_skincare	https://en.wikipedia.org/wiki/Simple_Skincare
sir_kensington%27s	https://en.wikipedia.org/wiki/Sir_Kensington%27s
thyssenkrupp	https://en.wikipedia.org/wiki/ThyssenKrupp
playstation_(console)	https://en.wikipedia.org/wiki/PlayStation_(console)
newgate_(company)	https://en.wikipedia.org/wiki/Newgate_(company)
worthington_brewery	https://en.wikipedia.org/wiki/Worthington_Brewery
falstaff_brewing_corporation	https://en.wikipedia.org/wiki/Falstaff_Brewing_Corporation
bticino	https://en.wikipedia.org/wiki/Bticino
c%c3%b4te_d%27or_(brand)	https://en.wikipedia.org/wiki/C%C3%B4te_d%27Or_(brand)
carnegie_steel_company	https://en.wikipedia.org/wiki/Carnegie_Steel_Company
billy_beer	https://en.wikipedia.org/wiki/Billy_Beer
louis_marx_and_company	https://en.wikipedia.org/wiki/Louis_Marx_and_Company
valentino_spa	https://en.wikipedia.org/wiki/Valentino_SpA
black_lives_matter	https://en.wikipedia.org/wiki/Black_Lives_Matter
soo_line_railroad	https://en.wikipedia.org/wiki/Soo_Line_Railroad
reeves_and_sons	https://en.wikipedia.org/wiki/Reeves_and_Sons
dollar_shave_club	https://en.wikipedia.org/wiki/Dollar_Shave_Club
monarch_airlines	https://en.wikipedia.org/wiki/Monarch_Airlines
brioni_(brand)	https://en.wikipedia.org/wiki/Brioni_(brand)
verizon_new_england	https://en.wikipedia.org/wiki/Verizon_New_England
edison_(company)	https://en.wikipedia.org/wiki/Edison_(company)
tamiya_corporation	https://en.wikipedia.org/wiki/Tamiya_Corporation
curtis_australia	https://en.wikipedia.org/wiki/Curtis_Australia
keglevich	https://en.wikipedia.org/wiki/Keglevich
foo_go	https://en.wikipedia.org/wiki/Foo_Go
classmate_stationery	https://en.wikipedia.org/wiki/Classmate_Stationery
commercial_metals_company	https://en.wikipedia.org/wiki/Commercial_Metals_Company
erdemir	https://en.wikipedia.org/wiki/Erdemir
bottega_giotti	https://en.wikipedia.org/wiki/Bottega_Giotti
birmingham_european_airways	https://en.wikipedia.org/wiki/Birmingham_European_Airways
gaylord_entertainment_company	https://en.wikipedia.org/wiki/Gaylord_Entertainment_Company
british_united_airways	https://en.wikipedia.org/wiki/British_United_Airways
ozarka	https://en.wikipedia.org/wiki/Ozarka
st._louis_southwestern_railway	https://en.wikipedia.org/wiki/St._Louis_Southwestern_Railway
caran_d%27ache_(company)	https://en.wikipedia.org/wiki/Caran_d%27Ache_(company)
air_canada_tango	https://en.wikipedia.org/wiki/Air_Canada_Tango
monami	https://en.wikipedia.org/wiki/Monami
international_steel_group	https://en.wikipedia.org/wiki/International_Steel_Group
the_wb	https://en.wikipedia.org/wiki/The_WB
salini_impregilo	https://en.wikipedia.org/wiki/Salini_Impregilo
secret_(brand)	https://en.wikipedia.org/wiki/Secret_(brand)
wella	https://en.wikipedia.org/wiki/Wella
nido_(brand)	https://en.wikipedia.org/wiki/Nido_(brand)
monopoly_(game)	https://en.wikipedia.org/wiki/Monopoly_(game)
borrani	https://en.wikipedia.org/wiki/Borrani
salad_dressing_spread	https://en.wikipedia.org/wiki/Salad_dressing_spread
andersen_consulting	https://en.wikipedia.org/wiki/Andersen_Consulting
copic	https://en.wikipedia.org/wiki/Copic
trenitalia	https://en.wikipedia.org/wiki/Trenitalia
datsun	https://en.wikipedia.org/wiki/Datsun
tresemm%c3%a9	https://en.wikipedia.org/wiki/TRESemm%C3%A9
cosmi_americo_%26_figlio	https://en.wikipedia.org/wiki/Cosmi_Americo_%26_Figlio
chicago,_rock_island_%26_pacific_railroad	https://en.wikipedia.org/wiki/Chicago,_Rock_Island_%26_Pacific_Railroad
surf_(detergent)	https://en.wikipedia.org/wiki/Surf_(detergent)
leyland_motors	https://en.wikipedia.org/wiki/Leyland_Motors
chicago_and_eastern_illinois_railway	https://en.wikipedia.org/wiki/Chicago_and_Eastern_Illinois_Railway
astraeus_airlines	https://en.wikipedia.org/wiki/Astraeus_Airlines
skybus_airlines	https://en.wikipedia.org/wiki/Skybus_Airlines
clairol	https://en.wikipedia.org/wiki/Clairol
the_timken_company	https://en.wikipedia.org/wiki/The_Timken_Company
grecav	https://en.wikipedia.org/wiki/Grecav
polini	https://en.wikipedia.org/wiki/Polini
anoto	https://en.wikipedia.org/wiki/Anoto
lucchini_rs	https://en.wikipedia.org/wiki/Lucchini_RS
moto_guzzi	https://en.wikipedia.org/wiki/Moto_Guzzi
mastretta	https://en.wikipedia.org/wiki/Mastretta
landini_(tractor)	https://en.wikipedia.org/wiki/Landini_(tractor)
stanley_motor_carriage_company	https://en.wikipedia.org/wiki/Stanley_Motor_Carriage_Company
gerber_products_company	https://en.wikipedia.org/wiki/Gerber_Products_Company
mediaset	https://en.wikipedia.org/wiki/Mediaset
acerinox	https://en.wikipedia.org/wiki/Acerinox
paper_mate	https://en.wikipedia.org/wiki/Paper_Mate
hindustan_pencils	https://en.wikipedia.org/wiki/Hindustan_Pencils
vaseline	https://en.wikipedia.org/wiki/Vaseline
cool_whip	https://en.wikipedia.org/wiki/Cool_Whip
barbie	https://en.wikipedia.org/wiki/Barbie
bernina_international	https://en.wikipedia.org/wiki/Bernina_International
plymouth_(automobile)	https://en.wikipedia.org/wiki/Plymouth_(automobile)
herlitz	https://en.wikipedia.org/wiki/Herlitz
axe_(brand)	https://en.wikipedia.org/wiki/Axe_(brand)
italdesign_giugiaro	https://en.wikipedia.org/wiki/Italdesign_Giugiaro
selex_es	https://en.wikipedia.org/wiki/Selex_ES
messagenet	https://en.wikipedia.org/wiki/Messagenet
guess_(clothing)	https://en.wikipedia.org/wiki/Guess_(clothing)
ab_airlines	https://en.wikipedia.org/wiki/AB_Airlines
the_may_department_stores_company	https://en.wikipedia.org/wiki/The_May_Department_Stores_Company
cinzano	https://en.wikipedia.org/wiki/Cinzano
domestos	https://en.wikipedia.org/wiki/Domestos
shandong_iron_and_steel_group	https://en.wikipedia.org/wiki/Shandong_Iron_and_Steel_Group
philadelphia_cream_cheese	https://en.wikipedia.org/wiki/Philadelphia_Cream_Cheese
davidoff	https://en.wikipedia.org/wiki/Davidoff
coon_cheese	https://en.wikipedia.org/wiki/Coon_cheese
eni	https://en.wikipedia.org/wiki/Eni
max_factor	https://en.wikipedia.org/wiki/Max_Factor
zip_(airline)	https://en.wikipedia.org/wiki/Zip_(airline)
claussen_pickles	https://en.wikipedia.org/wiki/Claussen_pickles
arthur_andersen	https://en.wikipedia.org/wiki/Fred%27shttps://en.wikipedia.org/wiki/Arthur_Andersen
sakura_color_products_corporation	https://en.wikipedia.org/wiki/Sakura_Color_Products_Corporation
waterman_pens	https://en.wikipedia.org/wiki/Waterman_pens
standard_oil_of_ohio	https://en.wikipedia.org/wiki/Standard_Oil_of_Ohio
scope_(mouthwash)	https://en.wikipedia.org/wiki/Scope_(mouthwash)
saeco	https://en.wikipedia.org/wiki/Saeco
arrow_(motorcycle_part_manufacturer)	https://en.wikipedia.org/wiki/Arrow_(motorcycle_part_manufacturer)
dumont_television_network	https://en.wikipedia.org/wiki/DuMont_Television_Network
japan_steel_works	https://en.wikipedia.org/wiki/Japan_Steel_Works
juki	https://en.wikipedia.org/wiki/Juki
nintendo_entertainment_system	https://en.wikipedia.org/wiki/Nintendo_Entertainment_System
tortex	https://en.wikipedia.org/wiki/Tortex
ppg_industries	https://en.wikipedia.org/wiki/PPG_Industries
white_motor_company	https://en.wikipedia.org/wiki/White_Motor_Company
gillette_(brand)	https://en.wikipedia.org/wiki/Gillette_(brand)
ariston_thermo	https://en.wikipedia.org/wiki/Ariston_Thermo
mapei	https://en.wikipedia.org/wiki/Mapei
fiat_industrial	https://en.wikipedia.org/wiki/Fiat_Industrial
d._leonardt_%26_co.	https://en.wikipedia.org/wiki/D._Leonardt_%26_Co.
illich_steel_and_iron_works	https://en.wikipedia.org/wiki/Illich_Steel_and_Iron_Works
samick	https://en.wikipedia.org/wiki/Samick
martin_motors	https://en.wikipedia.org/wiki/Martin_Motors
gold%27s_gym	https://en.wikipedia.org/wiki/Gold%27s_Gym
abner-drury_brewery	https://en.wikipedia.org/wiki/Abner-Drury_Brewery
northwest_airlines	https://en.wikipedia.org/wiki/Northwest_Airlines
td_banknorth_garden	https://en.wikipedia.org/wiki/TD_Banknorth_Garden
de%27longhi	https://en.wikipedia.org/wiki/De%27Longhi
avio	https://en.wikipedia.org/wiki/Avio
minarelli	https://en.wikipedia.org/wiki/Minarelli
radici_group	https://en.wikipedia.org/wiki/Radici_Group
pininfarina	https://en.wikipedia.org/wiki/Pininfarina
krupp	https://en.wikipedia.org/wiki/Krupp
rotring	https://en.wikipedia.org/wiki/Rotring
laker_airways	https://en.wikipedia.org/wiki/Laker_Airways
pilsner_urquell	https://en.wikipedia.org/wiki/Pilsner_Urquell
locomobile_company_of_america	https://en.wikipedia.org/wiki/Locomobile_Company_of_America
air_kilroe	https://en.wikipedia.org/wiki/Air_Kilroe
borile	https://en.wikipedia.org/wiki/Borile
cemento_cruz_azul	https://en.wikipedia.org/wiki/Cemento_Cruz_Azul
transformers_(toy_line)	https://en.wikipedia.org/wiki/Transformers_(toy_line)
wd-40	https://en.wikipedia.org/wiki/WD-40
selle_royal	https://en.wikipedia.org/wiki/Selle_Royal
aperam	https://en.wikipedia.org/wiki/Aperam
hudson_motor_car_company	https://en.wikipedia.org/wiki/Hudson_Motor_Car_Company
elgin_national_watch_company	https://en.wikipedia.org/wiki/Elgin_National_Watch_Company
clear_(shampoo)	https://en.wikipedia.org/wiki/Clear_(shampoo)
lynx_(deodorant)	https://en.wikipedia.org/wiki/Lynx_(deodorant)
friskies	https://en.wikipedia.org/wiki/Friskies
bp_studio	https://en.wikipedia.org/wiki/BP_Studio
molson_canadian	https://en.wikipedia.org/wiki/Molson_Canadian
bburago	https://en.wikipedia.org/wiki/Bburago
borland	https://en.wikipedia.org/wiki/Borland
laverda	https://en.wikipedia.org/wiki/Laverda
veet	https://en.wikipedia.org/wiki/Veet
ford_motor_corporation	https://en.wikipedia.org/wiki/Ford_Motor_Corporation
aurora_(pen_manufacturer)	https://en.wikipedia.org/wiki/Aurora_(pen_manufacturer)
timken_company	https://en.wikipedia.org/wiki/Timken_Company
usinor	https://en.wikipedia.org/wiki/Usinor
alfred_dunhill_ltd.	https://en.wikipedia.org/wiki/Alfred_Dunhill_Ltd.
chiribiri	https://en.wikipedia.org/wiki/Chiribiri
eko_guitars	https://en.wikipedia.org/wiki/Eko_guitars
the_spic_and_span_company	https://en.wikipedia.org/wiki/The_Spic_and_Span_Company
alpo_(pet_food)	https://en.wikipedia.org/wiki/Alpo_(pet_food)
washington_mutual	https://en.wikipedia.org/wiki/Washington_Mutual
mondial_(motorcycle_manufacturer)	https://en.wikipedia.org/wiki/Mondial_(motorcycle_manufacturer)
iams	https://en.wikipedia.org/wiki/Iams
beep_(soft_drink)	https://en.wikipedia.org/wiki/Beep_(soft_drink)
charmin	https://en.wikipedia.org/wiki/Charmin
christian_dior_sa	https://en.wikipedia.org/wiki/Christian_Dior_SA
innocenti	https://en.wikipedia.org/wiki/Innocenti
delorean_motor_company	https://en.wikipedia.org/wiki/DeLorean_Motor_Company
bremach	https://en.wikipedia.org/wiki/Bremach
maanshan_iron_%26_steel	https://en.wikipedia.org/wiki/Maanshan_Iron_%26_Steel
hellmann%27s	https://en.wikipedia.org/wiki/Hellmann%27s
lincoln_savings_and_loan_association	https://en.wikipedia.org/wiki/Lincoln_Savings_and_Loan_Association
moschino	https://en.wikipedia.org/wiki/Moschino
pears_transparent_soap	https://en.wikipedia.org/wiki/Pears_Transparent_Soap
morbidelli	https://en.wikipedia.org/wiki/Morbidelli
falck_renewables	https://en.wikipedia.org/wiki/Falck_Renewables
frosty_paws	https://en.wikipedia.org/wiki/Frosty_Paws
pro.mecc	https://en.wikipedia.org/wiki/Pro.Mecc
columbia_house	https://en.wikipedia.org/wiki/Columbia_House
yves_saint-laurent_(brand)	https://en.wikipedia.org/wiki/Yves_Saint-Laurent_(brand)
varig	https://en.wikipedia.org/wiki/Varig
garlando	https://en.wikipedia.org/wiki/Garlando
isabel_garcia_(clothing)	https://en.wikipedia.org/wiki/Isabel_Garcia_(clothing)
coffee-mate	https://en.wikipedia.org/wiki/Coffee-Mate
armand_petijean	https://en.wikipedia.org/wiki/Armand_Petijean
smeg_(appliances)	https://en.wikipedia.org/wiki/Smeg_(appliances)
cnh_industrial	https://en.wikipedia.org/wiki/CNH_Industrial
head_%26_shoulders	https://en.wikipedia.org/wiki/Head_%26_Shoulders
warner_chilcott	https://en.wikipedia.org/wiki/Warner_Chilcott
berlin_european_uk	https://en.wikipedia.org/wiki/Berlin_European_UK
trussardi	https://en.wikipedia.org/wiki/Trussardi
ferretti_group	https://en.wikipedia.org/wiki/Ferretti_Group
joy_(dishwashing_liquid)	https://en.wikipedia.org/wiki/Joy_(dishwashing_liquid)
electrasol	https://en.wikipedia.org/wiki/Electrasol
societ%c3%a0_italiana_ernesto_breda	https://en.wikipedia.org/wiki/Societ%C3%A0_Italiana_Ernesto_Breda
danemann	https://en.wikipedia.org/wiki/Danemann
fiorucci	https://en.wikipedia.org/wiki/Fiorucci
ansett_australia	https://en.wikipedia.org/wiki/Ansett_Australia
henkel	https://en.wikipedia.org/wiki/Henkel
fondmetal	https://en.wikipedia.org/wiki/Fondmetal
columbus_tubing	https://en.wikipedia.org/wiki/Columbus_Tubing