aberdeen_ironbirds	https://en.wikipedia.org/wiki/Aberdeen_IronBirds
adirondack_thunder	https://en.wikipedia.org/wiki/Adirondack_Thunder
agua_caliente_clippers	https://en.wikipedia.org/wiki/Agua_Caliente_Clippers
akron_rubberducks	https://en.wikipedia.org/wiki/Akron_RubberDucks
albuquerque_isotopes	https://en.wikipedia.org/wiki/Albuquerque_Isotopes
allen_americans	https://en.wikipedia.org/wiki/Allen_Americans
alpine_cowboys	https://en.wikipedia.org/wiki/Alpine_Cowboys
altoona_curve	https://en.wikipedia.org/wiki/Altoona_Curve
amarillo_sod_poodles	https://en.wikipedia.org/wiki/Amarillo_Sod_Poodles
anaheim_ducks	https://en.wikipedia.org/wiki/Anaheim_Ducks
appalachian_league	https://en.wikipedia.org/wiki/Appalachian_League
archers_lacrosse_club	https://en.wikipedia.org/wiki/Archers_Lacrosse_Club
arizona_cardinals	https://en.wikipedia.org/wiki/Arizona_Cardinals
arizona_coyotes	https://en.wikipedia.org/wiki/Arizona_Coyotes
arizona_diamondbacks	https://en.wikipedia.org/wiki/Arizona_Diamondbacks
arizona_rattlers	https://en.wikipedia.org/wiki/Arizona_Rattlers
arkansas_travelers	https://en.wikipedia.org/wiki/Arkansas_Travelers
asheville_tourists	https://en.wikipedia.org/wiki/Asheville_Tourists
atl%c3%a9tico_ottawa	https://en.wikipedia.org/wiki/Atl%C3%A9tico_Ottawa
atlanta_braves	https://en.wikipedia.org/wiki/Atlanta_Braves
atlanta_dream	https://en.wikipedia.org/wiki/Atlanta_Dream
atlanta_falcons	https://en.wikipedia.org/wiki/Atlanta_Falcons
atlanta_gladiators	https://en.wikipedia.org/wiki/Atlanta_Gladiators
atlanta_hawks	https://en.wikipedia.org/wiki/Atlanta_Hawks
atlanta_soul	https://en.wikipedia.org/wiki/Atlanta_Soul
atlanta_united_2	https://en.wikipedia.org/wiki/Atlanta_United_2
atlanta_united_fc	https://en.wikipedia.org/wiki/Atlanta_United_FC
atlantic_league_of_professional_baseball	https://en.wikipedia.org/wiki/Atlantic_League_of_Professional_Baseball
atlas_lacrosse_club	https://en.wikipedia.org/wiki/Atlas_Lacrosse_Club
auburn_doubledays	https://en.wikipedia.org/wiki/Auburn_Doubledays
augusta_greenjackets	https://en.wikipedia.org/wiki/Augusta_GreenJackets
aussie_peppers	https://en.wikipedia.org/wiki/Aussie_Peppers
austin_bold_fc	https://en.wikipedia.org/wiki/Austin_Bold_FC
austin_gilgronis	https://en.wikipedia.org/wiki/Austin_Gilgronis
austin_sol	https://en.wikipedia.org/wiki/Austin_Sol
austin_spurs	https://en.wikipedia.org/wiki/Austin_Spurs
b.j._mcleod_motorsports	https://en.wikipedia.org/wiki/B.J._McLeod_Motorsports
bc_lions	https://en.wikipedia.org/wiki/BC_Lions
baltimore_orioles	https://en.wikipedia.org/wiki/Baltimore_Orioles
batavia_muckdogs	https://en.wikipedia.org/wiki/Batavia_Muckdogs
battle_creek_rumble_bees	https://en.wikipedia.org/wiki/Battle_Creek_Rumble_Bees
beard_motorsports	https://en.wikipedia.org/wiki/Beard_Motorsports
bell_mts_place	https://en.wikipedia.org/wiki/Bell_MTS_Place
belleville_senators	https://en.wikipedia.org/wiki/Belleville_Senators
beloit_snappers	https://en.wikipedia.org/wiki/Beloit_Snappers
billings_mustangs	https://en.wikipedia.org/wiki/Billings_Mustangs
biloxi_shuckers	https://en.wikipedia.org/wiki/Biloxi_Shuckers
binghamton_devils	https://en.wikipedia.org/wiki/Binghamton_Devils
binghamton_rumble_ponies	https://en.wikipedia.org/wiki/Binghamton_Rumble_Ponies
birmingham_barons	https://en.wikipedia.org/wiki/Birmingham_Barons
birmingham_bulls_(sphl)	https://en.wikipedia.org/wiki/Birmingham_Bulls_(SPHL)
birmingham_legion_fc	https://en.wikipedia.org/wiki/Birmingham_Legion_FC
bismarck_bucks	https://en.wikipedia.org/wiki/Bismarck_Bucks
boise_hawks	https://en.wikipedia.org/wiki/Boise_Hawks
boston_bruins	https://en.wikipedia.org/wiki/Boston_Bruins
boston_cannons	https://en.wikipedia.org/wiki/Boston_Cannons
boston_celtics	https://en.wikipedia.org/wiki/Boston_Celtics
boston_pride	https://en.wikipedia.org/wiki/Boston_Pride
boston_red_sox	https://en.wikipedia.org/wiki/Boston_Red_Sox
boston_thirteens	https://en.wikipedia.org/wiki/Boston_Thirteens
bowie_baysox	https://en.wikipedia.org/wiki/Bowie_Baysox
bowling_green_hot_rods	https://en.wikipedia.org/wiki/Bowling_Green_Hot_Rods
bradenton_marauders	https://en.wikipedia.org/wiki/Bradenton_Marauders
brampton_beast	https://en.wikipedia.org/wiki/Brampton_Beast
bridgeport_sound_tigers	https://en.wikipedia.org/wiki/Bridgeport_Sound_Tigers
bristol_pirates	https://en.wikipedia.org/wiki/Bristol_Pirates
brooklyn_cyclones	https://en.wikipedia.org/wiki/Brooklyn_Cyclones
brooklyn_nets	https://en.wikipedia.org/wiki/Brooklyn_Nets
buffalo_bandits	https://en.wikipedia.org/wiki/Buffalo_Bandits
buffalo_beauts	https://en.wikipedia.org/wiki/Buffalo_Beauts
buffalo_bills	https://en.wikipedia.org/wiki/Buffalo_Bills
buffalo_bisons	https://en.wikipedia.org/wiki/Buffalo_Bisons
buffalo_sabres	https://en.wikipedia.org/wiki/Buffalo_Sabres
burlington_bees	https://en.wikipedia.org/wiki/Burlington_Bees
burlington_royals	https://en.wikipedia.org/wiki/Burlington_Royals
calgary_flames	https://en.wikipedia.org/wiki/Calgary_Flames
calgary_roughnecks	https://en.wikipedia.org/wiki/Calgary_Roughnecks
calgary_stampeders	https://en.wikipedia.org/wiki/Calgary_Stampeders
canadian_wild	https://en.wikipedia.org/wiki/Canadian_Wild
canton_charge	https://en.wikipedia.org/wiki/Canton_Charge
capital_city_go-go	https://en.wikipedia.org/wiki/Capital_City_Go-Go
carolina_cobras_(nal)	https://en.wikipedia.org/wiki/Carolina_Cobras_(NAL)
carolina_hurricanes	https://en.wikipedia.org/wiki/Carolina_Hurricanes
carolina_league	https://en.wikipedia.org/wiki/Carolina_League
carolina_mudcats	https://en.wikipedia.org/wiki/Carolina_Mudcats
carolina_panthers	https://en.wikipedia.org/wiki/Carolina_Panthers
carolina_thunderbirds_(fhl)	https://en.wikipedia.org/wiki/Carolina_Thunderbirds_(FHL)
catholic_university_cardinals	https://en.wikipedia.org/wiki/Catholic_University_Cardinals
cavalry_fc	https://en.wikipedia.org/wiki/Cavalry_FC
cedar_rapids_kernels	https://en.wikipedia.org/wiki/Cedar_Rapids_Kernels
cedar_rapids_river_kings	https://en.wikipedia.org/wiki/Cedar_Rapids_River_Kings
chaos_lacrosse_club	https://en.wikipedia.org/wiki/Chaos_Lacrosse_Club
charleston_battery	https://en.wikipedia.org/wiki/Charleston_Battery
charleston_riverdogs	https://en.wikipedia.org/wiki/Charleston_RiverDogs
charlotte_checkers	https://en.wikipedia.org/wiki/Charlotte_Checkers
charlotte_hornets	https://en.wikipedia.org/wiki/Charlotte_Hornets
charlotte_independence	https://en.wikipedia.org/wiki/Charlotte_Independence
charlotte_knights	https://en.wikipedia.org/wiki/Charlotte_Knights
charlotte_stone_crabs	https://en.wikipedia.org/wiki/Charlotte_Stone_Crabs
chattanooga_lookouts	https://en.wikipedia.org/wiki/Chattanooga_Lookouts
chattanooga_red_wolves_sc	https://en.wikipedia.org/wiki/Chattanooga_Red_Wolves_SC
chesapeake_bayhawks	https://en.wikipedia.org/wiki/Chesapeake_Bayhawks
chicago_bears	https://en.wikipedia.org/wiki/Chicago_Bears
chicago_blackhawks	https://en.wikipedia.org/wiki/Chicago_Blackhawks
chicago_bulls	https://en.wikipedia.org/wiki/Chicago_Bulls
chicago_cubs	https://en.wikipedia.org/wiki/Chicago_Cubs
chicago_dogs	https://en.wikipedia.org/wiki/Chicago_Dogs
chicago_fire_fc	https://en.wikipedia.org/wiki/Chicago_Fire_FC
chicago_red_stars	https://en.wikipedia.org/wiki/Chicago_Red_Stars
chicago_sky	https://en.wikipedia.org/wiki/Chicago_Sky
chicago_smash	https://en.wikipedia.org/wiki/Chicago_Smash
chicago_white_sox	https://en.wikipedia.org/wiki/Chicago_White_Sox
chicago_wildfire	https://en.wikipedia.org/wiki/Chicago_Wildfire
chicago_wolves	https://en.wikipedia.org/wiki/Chicago_Wolves
chrome_lacrosse_club	https://en.wikipedia.org/wiki/Chrome_Lacrosse_Club
cincinnati_bengals	https://en.wikipedia.org/wiki/Cincinnati_Bengals
cincinnati_cyclones	https://en.wikipedia.org/wiki/Cincinnati_Cyclones
cincinnati_reds	https://en.wikipedia.org/wiki/Cincinnati_Reds
circuit_of_the_americas	https://en.wikipedia.org/wiki/Circuit_of_the_Americas
clearwater_threshers	https://en.wikipedia.org/wiki/Clearwater_Threshers
cleburne_railroaders	https://en.wikipedia.org/wiki/Cleburne_Railroaders
cleveland_browns	https://en.wikipedia.org/wiki/Cleveland_Browns
cleveland_cavaliers	https://en.wikipedia.org/wiki/Cleveland_Cavaliers
cleveland_comets	https://en.wikipedia.org/wiki/Cleveland_Comets
cleveland_indians	https://en.wikipedia.org/wiki/Cleveland_Indians
cleveland_monsters	https://en.wikipedia.org/wiki/Cleveland_Monsters
colorado_avalanche	https://en.wikipedia.org/wiki/Colorado_Avalanche
colorado_eagles	https://en.wikipedia.org/wiki/Colorado_Eagles
colorado_mammoth	https://en.wikipedia.org/wiki/Colorado_Mammoth
colorado_rapids	https://en.wikipedia.org/wiki/Colorado_Rapids
colorado_raptors	https://en.wikipedia.org/wiki/Colorado_Raptors
colorado_rockies	https://en.wikipedia.org/wiki/Colorado_Rockies
colorado_springs_switchbacks_fc	https://en.wikipedia.org/wiki/Colorado_Springs_Switchbacks_FC
columbia_fireflies	https://en.wikipedia.org/wiki/Columbia_Fireflies
columbus_blue_jackets	https://en.wikipedia.org/wiki/Columbus_Blue_Jackets
columbus_clippers	https://en.wikipedia.org/wiki/Columbus_Clippers
columbus_crew_sc	https://en.wikipedia.org/wiki/Columbus_Crew_SC
columbus_pride_(ultimate)	https://en.wikipedia.org/wiki/Columbus_Pride_(ultimate)
columbus_river_dragons	https://en.wikipedia.org/wiki/Columbus_River_Dragons
connecticut_hammerheads	https://en.wikipedia.org/wiki/Connecticut_Hammerheads
connecticut_sun	https://en.wikipedia.org/wiki/Connecticut_Sun
connecticut_whale_(nwhl)	https://en.wikipedia.org/wiki/Connecticut_Whale_(NWHL)
corpus_christi_hooks	https://en.wikipedia.org/wiki/Corpus_Christi_Hooks
dc_breeze	https://en.wikipedia.org/wiki/DC_Breeze
dallas_cowboys	https://en.wikipedia.org/wiki/Dallas_Cowboys
dallas_mavericks	https://en.wikipedia.org/wiki/Dallas_Mavericks
dallas_stars	https://en.wikipedia.org/wiki/Dallas_Stars
dallas_wings	https://en.wikipedia.org/wiki/Dallas_Wings
danbury_hat_tricks	https://en.wikipedia.org/wiki/Danbury_Hat_Tricks
danville_braves	https://en.wikipedia.org/wiki/Danville_Braves
danville_dashers_(fhl)	https://en.wikipedia.org/wiki/Danville_Dashers_(FHL)
dayton_dragons	https://en.wikipedia.org/wiki/Dayton_Dragons
daytona_tortugas	https://en.wikipedia.org/wiki/Daytona_Tortugas
delaware_blue_coats	https://en.wikipedia.org/wiki/Delaware_Blue_Coats
delaware_thunder	https://en.wikipedia.org/wiki/Delaware_Thunder
delmarva_shorebirds	https://en.wikipedia.org/wiki/Delmarva_Shorebirds
denver_broncos	https://en.wikipedia.org/wiki/Denver_Broncos
denver_nuggets	https://en.wikipedia.org/wiki/Denver_Nuggets
denver_outlaws	https://en.wikipedia.org/wiki/Denver_Outlaws
detroit_lions	https://en.wikipedia.org/wiki/Detroit_Lions
detroit_mechanix	https://en.wikipedia.org/wiki/Detroit_Mechanix
detroit_pistons	https://en.wikipedia.org/wiki/Detroit_Pistons
detroit_red_wings	https://en.wikipedia.org/wiki/Detroit_Red_Wings
detroit_tigers	https://en.wikipedia.org/wiki/Detroit_Tigers
down_east_wood_ducks	https://en.wikipedia.org/wiki/Down_East_Wood_Ducks
duke_city_gladiators	https://en.wikipedia.org/wiki/Duke_City_Gladiators
dunedin_blue_jays	https://en.wikipedia.org/wiki/Dunedin_Blue_Jays
durham_bulls	https://en.wikipedia.org/wiki/Durham_Bulls
edmonton_football_team	https://en.wikipedia.org/wiki/Edmonton_Football_Team
edmonton_oilers	https://en.wikipedia.org/wiki/Edmonton_Oilers
edmonton_stingers	https://en.wikipedia.org/wiki/Edmonton_Stingers
el_paso_chihuahuas	https://en.wikipedia.org/wiki/El_Paso_Chihuahuas
el_paso_locomotive_fc	https://en.wikipedia.org/wiki/El_Paso_Locomotive_FC
elizabethton_twins	https://en.wikipedia.org/wiki/Elizabethton_Twins
elmira_enforcers	https://en.wikipedia.org/wiki/Elmira_Enforcers
erie_bayhawks_(2019%e2%80%93)	https://en.wikipedia.org/wiki/Erie_BayHawks_(2019%E2%80%93)
erie_seawolves	https://en.wikipedia.org/wiki/Erie_SeaWolves
eugene_emeralds	https://en.wikipedia.org/wiki/Eugene_Emeralds
evansville_otters	https://en.wikipedia.org/wiki/Evansville_Otters
evansville_thunderbolts	https://en.wikipedia.org/wiki/Evansville_Thunderbolts
everett_aquasox	https://en.wikipedia.org/wiki/Everett_AquaSox
fc_cincinnati	https://en.wikipedia.org/wiki/FC_Cincinnati
fc_dallas	https://en.wikipedia.org/wiki/FC_Dallas
fc_edmonton	https://en.wikipedia.org/wiki/FC_Edmonton
fc_tucson	https://en.wikipedia.org/wiki/FC_Tucson
fc_tulsa	https://en.wikipedia.org/wiki/FC_Tulsa
fargo-moorhead_redhawks	https://en.wikipedia.org/wiki/Fargo-Moorhead_RedHawks
fayetteville_marksmen	https://en.wikipedia.org/wiki/Fayetteville_Marksmen
fayetteville_woodpeckers	https://en.wikipedia.org/wiki/Fayetteville_Woodpeckers
florence_y%27alls	https://en.wikipedia.org/wiki/Florence_Y%27alls
florida_everblades	https://en.wikipedia.org/wiki/Florida_Everblades
florida_fire_frogs	https://en.wikipedia.org/wiki/Florida_Fire_Frogs
florida_panthers	https://en.wikipedia.org/wiki/Florida_Panthers
florida_state_league	https://en.wikipedia.org/wiki/Florida_State_League
foothill_college	https://en.wikipedia.org/wiki/Foothill_College
forge_fc	https://en.wikipedia.org/wiki/Forge_FC
fort_lauderdale_cf	https://en.wikipedia.org/wiki/Fort_Lauderdale_CF
fort_myers_mighty_mussels	https://en.wikipedia.org/wiki/Fort_Myers_Mighty_Mussels
fort_wayne_komets	https://en.wikipedia.org/wiki/Fort_Wayne_Komets
fort_wayne_mad_ants	https://en.wikipedia.org/wiki/Fort_Wayne_Mad_Ants
fort_wayne_tincaps	https://en.wikipedia.org/wiki/Fort_Wayne_TinCaps
forward_madison_fc	https://en.wikipedia.org/wiki/Forward_Madison_FC
fraser_valley_bandits	https://en.wikipedia.org/wiki/Fraser_Valley_Bandits
frederick_keys	https://en.wikipedia.org/wiki/Frederick_Keys
fredericksburg_nationals	https://en.wikipedia.org/wiki/Fredericksburg_Nationals
fresno_grizzlies	https://en.wikipedia.org/wiki/Fresno_Grizzlies
frisco_roughriders	https://en.wikipedia.org/wiki/Frisco_RoughRiders
gary_southshore_railcats	https://en.wikipedia.org/wiki/Gary_SouthShore_RailCats
gateway_grizzlies	https://en.wikipedia.org/wiki/Gateway_Grizzlies
gaunt_brothers_racing	https://en.wikipedia.org/wiki/Gaunt_Brothers_Racing
germain_racing	https://en.wikipedia.org/wiki/Germain_Racing
go_fas_racing	https://en.wikipedia.org/wiki/Go_Fas_Racing
golden_state_warriors	https://en.wikipedia.org/wiki/Golden_State_Warriors
grand_junction_rockies	https://en.wikipedia.org/wiki/Grand_Junction_Rockies
grand_rapids_drive	https://en.wikipedia.org/wiki/Grand_Rapids_Drive
grand_rapids_griffins	https://en.wikipedia.org/wiki/Grand_Rapids_Griffins
great_falls_voyagers	https://en.wikipedia.org/wiki/Great_Falls_Voyagers
great_lakes_loons	https://en.wikipedia.org/wiki/Great_Lakes_Loons
green_bay_blizzard	https://en.wikipedia.org/wiki/Green_Bay_Blizzard
green_bay_packers	https://en.wikipedia.org/wiki/Green_Bay_Packers
greeneville_astros	https://en.wikipedia.org/wiki/Greeneville_Astros
greensboro_grasshoppers	https://en.wikipedia.org/wiki/Greensboro_Grasshoppers
greensboro_swarm	https://en.wikipedia.org/wiki/Greensboro_Swarm
greenville_drive	https://en.wikipedia.org/wiki/Greenville_Drive
greenville_swamp_rabbits	https://en.wikipedia.org/wiki/Greenville_Swamp_Rabbits
greenville_triumph_sc	https://en.wikipedia.org/wiki/Greenville_Triumph_SC
guelph_nighthawks	https://en.wikipedia.org/wiki/Guelph_Nighthawks
gwinnett_stripers	https://en.wikipedia.org/wiki/Gwinnett_Stripers
hfx_wanderers_fc	https://en.wikipedia.org/wiki/HFX_Wanderers_FC
hagerstown_suns	https://en.wikipedia.org/wiki/Hagerstown_Suns
halifax_thunderbirds	https://en.wikipedia.org/wiki/Halifax_Thunderbirds
hamilton_honey_badgers	https://en.wikipedia.org/wiki/Hamilton_Honey_Badgers
hamilton_tiger-cats	https://en.wikipedia.org/wiki/Hamilton_Tiger-Cats
harrisburg_heat_(2012%e2%80%93)	https://en.wikipedia.org/wiki/Harrisburg_Heat_(2012%E2%80%93)
harrisburg_senators	https://en.wikipedia.org/wiki/Harrisburg_Senators
hartford_athletic	https://en.wikipedia.org/wiki/Hartford_Athletic
hartford_wolf_pack	https://en.wikipedia.org/wiki/Hartford_Wolf_Pack
hartford_yard_goats	https://en.wikipedia.org/wiki/Hartford_Yard_Goats
hershey_bears	https://en.wikipedia.org/wiki/Hershey_Bears
hickory_crawdads	https://en.wikipedia.org/wiki/Hickory_Crawdads
high_point_rockers	https://en.wikipedia.org/wiki/High_Point_Rockers
hillsboro_hops	https://en.wikipedia.org/wiki/Hillsboro_Hops
houston_astros	https://en.wikipedia.org/wiki/Houston_Astros
houston_dash	https://en.wikipedia.org/wiki/Houston_Dash
houston_dynamo	https://en.wikipedia.org/wiki/Houston_Dynamo
houston_rockets	https://en.wikipedia.org/wiki/Houston_Rockets
houston_sabercats	https://en.wikipedia.org/wiki/Houston_SaberCats
houston_texans	https://en.wikipedia.org/wiki/Houston_Texans
hudson_valley_renegades	https://en.wikipedia.org/wiki/Hudson_Valley_Renegades
huntsville_havoc	https://en.wikipedia.org/wiki/Huntsville_Havoc
img_academy	https://en.wikipedia.org/wiki/IMG_Academy
idaho_falls_chukars	https://en.wikipedia.org/wiki/Idaho_Falls_Chukars
idaho_steelheads	https://en.wikipedia.org/wiki/Idaho_Steelheads
indiana_fever	https://en.wikipedia.org/wiki/Indiana_Fever
indiana_pacers	https://en.wikipedia.org/wiki/Indiana_Pacers
indianapolis_enforcers	https://en.wikipedia.org/wiki/Indianapolis_Enforcers
indianapolis_indians	https://en.wikipedia.org/wiki/Indianapolis_Indians
indoor_football_league	https://en.wikipedia.org/wiki/Indoor_Football_League
indy_eleven	https://en.wikipedia.org/wiki/Indy_Eleven
indy_fuel	https://en.wikipedia.org/wiki/Indy_Fuel
inland_empire_66ers	https://en.wikipedia.org/wiki/Inland_Empire_66ers
inter_miami_cf	https://en.wikipedia.org/wiki/Inter_Miami_CF
international_league	https://en.wikipedia.org/wiki/International_League
iowa_cubs	https://en.wikipedia.org/wiki/Iowa_Cubs
iowa_wild	https://en.wikipedia.org/wiki/Iowa_Wild
iowa_wolves	https://en.wikipedia.org/wiki/Iowa_Wolves
island_storm	https://en.wikipedia.org/wiki/Island_Storm
jtg_daugherty_racing	https://en.wikipedia.org/wiki/JTG_Daugherty_Racing
jackson_generals	https://en.wikipedia.org/wiki/Jackson_Generals
jacksonville_icemen	https://en.wikipedia.org/wiki/Jacksonville_Icemen
jacksonville_jaguars	https://en.wikipedia.org/wiki/Jacksonville_Jaguars
jacksonville_jumbo_shrimp	https://en.wikipedia.org/wiki/Jacksonville_Jumbo_Shrimp
jersey_flight	https://en.wikipedia.org/wiki/Jersey_Flight
joe_gibbs_racing	https://en.wikipedia.org/wiki/Joe_Gibbs_Racing
johnson_city_cardinals	https://en.wikipedia.org/wiki/Johnson_City_Cardinals
joliet_slammers	https://en.wikipedia.org/wiki/Joliet_Slammers
jonqui%c3%a8re_marquis	https://en.wikipedia.org/wiki/Jonqui%C3%A8re_Marquis
jupiter_hammerheads	https://en.wikipedia.org/wiki/Jupiter_Hammerheads
kw_titans	https://en.wikipedia.org/wiki/KW_Titans
kalamazoo_wings	https://en.wikipedia.org/wiki/Kalamazoo_Wings
kane_county_cougars	https://en.wikipedia.org/wiki/Kane_County_Cougars
kannapolis_cannon_ballers	https://en.wikipedia.org/wiki/Kannapolis_Cannon_Ballers
kansas_city_chiefs	https://en.wikipedia.org/wiki/Kansas_City_Chiefs
kansas_city_comets_(2010%e2%80%93)	https://en.wikipedia.org/wiki/Kansas_City_Comets_(2010%E2%80%93)
kansas_city_mavericks	https://en.wikipedia.org/wiki/Kansas_City_Mavericks
kansas_city_royals	https://en.wikipedia.org/wiki/Kansas_City_Royals
kansas_city_t-bones	https://en.wikipedia.org/wiki/Kansas_City_T-Bones
kingsport_mets	https://en.wikipedia.org/wiki/Kingsport_Mets
knoxville_ice_bears	https://en.wikipedia.org/wiki/Knoxville_Ice_Bears
la_galaxy	https://en.wikipedia.org/wiki/LA_Galaxy
lake_county_captains	https://en.wikipedia.org/wiki/Lake_County_Captains
lake_erie_crushers	https://en.wikipedia.org/wiki/Lake_Erie_Crushers
lakeland_magic	https://en.wikipedia.org/wiki/Lakeland_Magic
lakewood_blueclaws	https://en.wikipedia.org/wiki/Lakewood_BlueClaws
lancaster_barnstormers	https://en.wikipedia.org/wiki/Lancaster_Barnstormers
lancaster_jethawks	https://en.wikipedia.org/wiki/Lancaster_JetHawks
lansing_lugnuts	https://en.wikipedia.org/wiki/Lansing_Lugnuts
las_vegas_aces	https://en.wikipedia.org/wiki/Las_Vegas_Aces
las_vegas_aviators	https://en.wikipedia.org/wiki/Las_Vegas_Aviators
las_vegas_lights_fc	https://en.wikipedia.org/wiki/Las_Vegas_Lights_FC
las_vegas_raiders	https://en.wikipedia.org/wiki/Las_Vegas_Raiders
laval_rocket	https://en.wikipedia.org/wiki/Laval_Rocket
leavine_family_racing	https://en.wikipedia.org/wiki/Leavine_Family_Racing
lehigh_senior_high_school	https://en.wikipedia.org/wiki/Lehigh_Senior_High_School
lehigh_valley_ironpigs	https://en.wikipedia.org/wiki/Lehigh_Valley_IronPigs
lehigh_valley_phantoms	https://en.wikipedia.org/wiki/Lehigh_Valley_Phantoms
les_p%c3%a9troliers_du_nord	https://en.wikipedia.org/wiki/Les_P%C3%A9troliers_du_Nord
lexington_legends	https://en.wikipedia.org/wiki/Lexington_Legends
ligue_nord-am%c3%a9ricaine_de_hockey	https://en.wikipedia.org/wiki/Ligue_Nord-Am%C3%A9ricaine_de_Hockey
lincoln_saltdogs	https://en.wikipedia.org/wiki/Lincoln_Saltdogs
london_lightning	https://en.wikipedia.org/wiki/London_Lightning
long_island_ducks	https://en.wikipedia.org/wiki/Long_Island_Ducks
long_island_nets	https://en.wikipedia.org/wiki/Long_Island_Nets
los_angeles_angels	https://en.wikipedia.org/wiki/Los_Angeles_Angels
los_angeles_clippers	https://en.wikipedia.org/wiki/Los_Angeles_Clippers
los_angeles_dodgers	https://en.wikipedia.org/wiki/Los_Angeles_Dodgers
los_angeles_fc	https://en.wikipedia.org/wiki/Los_Angeles_FC
los_angeles_kings	https://en.wikipedia.org/wiki/Los_Angeles_Kings
los_angeles_lakers	https://en.wikipedia.org/wiki/Los_Angeles_Lakers
los_angeles_rams	https://en.wikipedia.org/wiki/Los_Angeles_Rams
loudoun_united_fc	https://en.wikipedia.org/wiki/Loudoun_United_FC
louisville_bats	https://en.wikipedia.org/wiki/Louisville_Bats
louisville_city_fc	https://en.wikipedia.org/wiki/Louisville_City_FC
louisville_xtreme	https://en.wikipedia.org/wiki/Louisville_Xtreme
lowell_spinners	https://en.wikipedia.org/wiki/Lowell_Spinners
lynchburg_hillcats	https://en.wikipedia.org/wiki/Lynchburg_Hillcats
macon_mayhem	https://en.wikipedia.org/wiki/Macon_Mayhem
mahoning_valley_scrappers	https://en.wikipedia.org/wiki/Mahoning_Valley_Scrappers
maine_mariners_(echl)	https://en.wikipedia.org/wiki/Maine_Mariners_(ECHL)
maine_red_claws	https://en.wikipedia.org/wiki/Maine_Red_Claws
major_league_baseball	https://en.wikipedia.org/wiki/Major_League_Baseball
major_league_lacrosse	https://en.wikipedia.org/wiki/Major_League_Lacrosse
major_league_rugby	https://en.wikipedia.org/wiki/Major_League_Rugby
major_league_soccer	https://en.wikipedia.org/wiki/Major_League_Soccer
manitoba_moose	https://en.wikipedia.org/wiki/Manitoba_Moose
massachusetts_pirates	https://en.wikipedia.org/wiki/Massachusetts_Pirates
memphis_901_fc	https://en.wikipedia.org/wiki/Memphis_901_FC
memphis_grizzlies	https://en.wikipedia.org/wiki/Memphis_Grizzlies
memphis_hustle	https://en.wikipedia.org/wiki/Memphis_Hustle
memphis_redbirds	https://en.wikipedia.org/wiki/Memphis_Redbirds
mentor_ice_breakers	https://en.wikipedia.org/wiki/Mentor_Ice_Breakers
metropolitan_riveters	https://en.wikipedia.org/wiki/Metropolitan_Riveters
miami_dolphins	https://en.wikipedia.org/wiki/Miami_Dolphins
miami_fc	https://en.wikipedia.org/wiki/Miami_FC
miami_heat	https://en.wikipedia.org/wiki/Miami_Heat
miami_marlins	https://en.wikipedia.org/wiki/Miami_Marlins
midland_rockhounds	https://en.wikipedia.org/wiki/Midland_RockHounds
midwest_league	https://en.wikipedia.org/wiki/Midwest_League
milwaukee_admirals	https://en.wikipedia.org/wiki/Milwaukee_Admirals
milwaukee_brewers	https://en.wikipedia.org/wiki/Milwaukee_Brewers
milwaukee_bucks	https://en.wikipedia.org/wiki/Milwaukee_Bucks
milwaukee_milkmen	https://en.wikipedia.org/wiki/Milwaukee_Milkmen
milwaukee_monarchs	https://en.wikipedia.org/wiki/Milwaukee_Monarchs
milwaukee_wave	https://en.wikipedia.org/wiki/Milwaukee_Wave
minnesota_lynx	https://en.wikipedia.org/wiki/Minnesota_Lynx
minnesota_timberwolves	https://en.wikipedia.org/wiki/Minnesota_Timberwolves
minnesota_twins	https://en.wikipedia.org/wiki/Minnesota_Twins
minnesota_united_fc	https://en.wikipedia.org/wiki/Minnesota_United_FC
minnesota_vikings	https://en.wikipedia.org/wiki/Minnesota_Vikings
minnesota_whitecaps	https://en.wikipedia.org/wiki/Minnesota_Whitecaps
minnesota_wild	https://en.wikipedia.org/wiki/Minnesota_Wild
minnesota_wind_chill	https://en.wikipedia.org/wiki/Minnesota_Wind_Chill
mississippi_braves	https://en.wikipedia.org/wiki/Mississippi_Braves
missoula_osprey	https://en.wikipedia.org/wiki/Missoula_Osprey
modesto_nuts	https://en.wikipedia.org/wiki/Modesto_Nuts
monterey_amberjacks	https://en.wikipedia.org/wiki/Monterey_Amberjacks
monterrey_flash	https://en.wikipedia.org/wiki/Monterrey_Flash
montgomery_biscuits	https://en.wikipedia.org/wiki/Montgomery_Biscuits
montreal_alouettes	https://en.wikipedia.org/wiki/Montreal_Alouettes
montreal_canadiens	https://en.wikipedia.org/wiki/Montreal_Canadiens
montreal_impact	https://en.wikipedia.org/wiki/Montreal_Impact
myrtle_beach_pelicans	https://en.wikipedia.org/wiki/Myrtle_Beach_Pelicans
nba_g_league	https://en.wikipedia.org/wiki/NBA_G_League
ny_gridlock	https://en.wikipedia.org/wiki/NY_Gridlock
napa_silverados	https://en.wikipedia.org/wiki/Napa_Silverados
nashville_predators	https://en.wikipedia.org/wiki/Nashville_Predators
nashville_sounds	https://en.wikipedia.org/wiki/Nashville_Sounds
national_pro_fastpitch	https://en.wikipedia.org/wiki/National_Pro_Fastpitch
new_england_black_wolves	https://en.wikipedia.org/wiki/New_England_Black_Wolves
new_england_free_jacks	https://en.wikipedia.org/wiki/New_England_Free_Jacks
new_england_revolution	https://en.wikipedia.org/wiki/New_England_Revolution
new_england_revolution_ii	https://en.wikipedia.org/wiki/New_England_Revolution_II
new_hampshire_fisher_cats	https://en.wikipedia.org/wiki/New_Hampshire_Fisher_Cats
new_jersey_devils	https://en.wikipedia.org/wiki/New_Jersey_Devils
new_jersey_jackals	https://en.wikipedia.org/wiki/New_Jersey_Jackals
new_orleans_gold	https://en.wikipedia.org/wiki/New_Orleans_Gold
new_orleans_pelicans	https://en.wikipedia.org/wiki/New_Orleans_Pelicans
new_orleans_saints	https://en.wikipedia.org/wiki/New_Orleans_Saints
new_york%e2%80%93penn_league	https://en.wikipedia.org/wiki/New_York%E2%80%93Penn_League
new_york_city_fc	https://en.wikipedia.org/wiki/New_York_City_FC
new_york_empire_(audl)	https://en.wikipedia.org/wiki/New_York_Empire_(AUDL)
new_york_empire_(tennis)	https://en.wikipedia.org/wiki/New_York_Empire_(tennis)
new_york_giants	https://en.wikipedia.org/wiki/New_York_Giants
new_york_islanders	https://en.wikipedia.org/wiki/New_York_Islanders
new_york_jets	https://en.wikipedia.org/wiki/New_York_Jets
new_york_knicks	https://en.wikipedia.org/wiki/New_York_Knicks
new_york_knights	https://en.wikipedia.org/wiki/New_York_Knights
new_york_liberty	https://en.wikipedia.org/wiki/New_York_Liberty
new_york_lizards	https://en.wikipedia.org/wiki/New_York_Lizards
new_york_mets	https://en.wikipedia.org/wiki/New_York_Mets
new_york_rangers	https://en.wikipedia.org/wiki/New_York_Rangers
new_york_red_bulls	https://en.wikipedia.org/wiki/New_York_Red_Bulls
new_york_riptide	https://en.wikipedia.org/wiki/New_York_Riptide
new_york_yankees	https://en.wikipedia.org/wiki/New_York_Yankees
newfoundland_growlers	https://en.wikipedia.org/wiki/Newfoundland_Growlers
niagara_river_lions	https://en.wikipedia.org/wiki/Niagara_River_Lions
norfolk_admirals_(echl)	https://en.wikipedia.org/wiki/Norfolk_Admirals_(ECHL)
norfolk_scope	https://en.wikipedia.org/wiki/Norfolk_Scope
norfolk_tides	https://en.wikipedia.org/wiki/Norfolk_Tides
north_carolina_courage	https://en.wikipedia.org/wiki/North_Carolina_Courage
north_carolina_fc	https://en.wikipedia.org/wiki/North_Carolina_FC
north_texas_sc	https://en.wikipedia.org/wiki/North_Texas_SC
northern_arizona_suns	https://en.wikipedia.org/wiki/Northern_Arizona_Suns
northern_virginia_eagles	https://en.wikipedia.org/wiki/Northern_Virginia_Eagles
northwest_arkansas_naturals	https://en.wikipedia.org/wiki/Northwest_Arkansas_Naturals
norwich_sea_unicorns	https://en.wikipedia.org/wiki/Norwich_Sea_Unicorns
ol_reign	https://en.wikipedia.org/wiki/OL_Reign
oakland_athletics	https://en.wikipedia.org/wiki/Oakland_Athletics
ogden_raptors	https://en.wikipedia.org/wiki/Ogden_Raptors
oklahoma_city_blue	https://en.wikipedia.org/wiki/Oklahoma_City_Blue
oklahoma_city_dodgers	https://en.wikipedia.org/wiki/Oklahoma_City_Dodgers
oklahoma_city_energy_fc	https://en.wikipedia.org/wiki/Oklahoma_City_Energy_FC
oklahoma_city_thunder	https://en.wikipedia.org/wiki/Oklahoma_City_Thunder
old_glory_dc	https://en.wikipedia.org/wiki/Old_Glory_DC
omaha_storm_chasers	https://en.wikipedia.org/wiki/Omaha_Storm_Chasers
ontario_fury	https://en.wikipedia.org/wiki/Ontario_Fury
ontario_reign	https://en.wikipedia.org/wiki/Ontario_Reign
orange_county_sc	https://en.wikipedia.org/wiki/Orange_County_SC
orem_owlz	https://en.wikipedia.org/wiki/Orem_Owlz
orlando_city_b	https://en.wikipedia.org/wiki/Orlando_City_B
orlando_magic	https://en.wikipedia.org/wiki/Orlando_Magic
orlando_pride	https://en.wikipedia.org/wiki/Orlando_Pride
orlando_seawolves	https://en.wikipedia.org/wiki/Orlando_SeaWolves
orlando_solar_bears_(echl)	https://en.wikipedia.org/wiki/Orlando_Solar_Bears_(ECHL)
orlando_storm	https://en.wikipedia.org/wiki/Orlando_Storm
ottawa_blackjacks	https://en.wikipedia.org/wiki/Ottawa_Blackjacks
ottawa_redblacks	https://en.wikipedia.org/wiki/Ottawa_Redblacks
ottawa_senators	https://en.wikipedia.org/wiki/Ottawa_Senators
pacific_association_of_professional_baseball_clubs	https://en.wikipedia.org/wiki/Pacific_Association_of_Professional_Baseball_Clubs
pacific_coast_league	https://en.wikipedia.org/wiki/Pacific_Coast_League
palm_beach_cardinals	https://en.wikipedia.org/wiki/Palm_Beach_Cardinals
pawtucket_red_sox	https://en.wikipedia.org/wiki/Pawtucket_Red_Sox
pecos_league	https://en.wikipedia.org/wiki/Pecos_League
pennsylvania_road_warriors	https://en.wikipedia.org/wiki/Pennsylvania_Road_Warriors
pensacola_blue_wahoos	https://en.wikipedia.org/wiki/Pensacola_Blue_Wahoos
pensacola_ice_flyers	https://en.wikipedia.org/wiki/Pensacola_Ice_Flyers
peoria_chiefs	https://en.wikipedia.org/wiki/Peoria_Chiefs
peoria_rivermen_(sphl)	https://en.wikipedia.org/wiki/Peoria_Rivermen_(SPHL)
petty_ware_racing	https://en.wikipedia.org/wiki/Petty_Ware_Racing
philadelphia_76ers	https://en.wikipedia.org/wiki/Philadelphia_76ers
philadelphia_barrage	https://en.wikipedia.org/wiki/Philadelphia_Barrage
philadelphia_eagles	https://en.wikipedia.org/wiki/Philadelphia_Eagles
philadelphia_fight	https://en.wikipedia.org/wiki/Philadelphia_Fight
philadelphia_flyers	https://en.wikipedia.org/wiki/Philadelphia_Flyers
philadelphia_freedoms	https://en.wikipedia.org/wiki/Philadelphia_Freedoms
philadelphia_phillies	https://en.wikipedia.org/wiki/Philadelphia_Phillies
philadelphia_phoenix_(audl)	https://en.wikipedia.org/wiki/Philadelphia_Phoenix_(AUDL)
philadelphia_union	https://en.wikipedia.org/wiki/Philadelphia_Union
phoenix_mercury	https://en.wikipedia.org/wiki/Phoenix_Mercury
phoenix_rising_fc	https://en.wikipedia.org/wiki/Phoenix_Rising_FC
phoenix_suns	https://en.wikipedia.org/wiki/Phoenix_Suns
pioneer_league_(baseball)	https://en.wikipedia.org/wiki/Pioneer_League_(baseball)
pittsburgh_penguins	https://en.wikipedia.org/wiki/Pittsburgh_Penguins
pittsburgh_pirates	https://en.wikipedia.org/wiki/Pittsburgh_Pirates
pittsburgh_riverhounds_sc	https://en.wikipedia.org/wiki/Pittsburgh_Riverhounds_SC
pittsburgh_steelers	https://en.wikipedia.org/wiki/Pittsburgh_Steelers
port_huron_prowlers	https://en.wikipedia.org/wiki/Port_Huron_Prowlers
portland_rising	https://en.wikipedia.org/wiki/Portland_Rising
portland_sea_dogs	https://en.wikipedia.org/wiki/Portland_Sea_Dogs
portland_thorns_fc	https://en.wikipedia.org/wiki/Portland_Thorns_FC
portland_timbers_2	https://en.wikipedia.org/wiki/Portland_Timbers_2
portland_trail_blazers	https://en.wikipedia.org/wiki/Portland_Trail_Blazers
premier_lacrosse_league	https://en.wikipedia.org/wiki/Premier_Lacrosse_League
premier_ultimate_league	https://en.wikipedia.org/wiki/Premier_Ultimate_League
princeton_rays	https://en.wikipedia.org/wiki/Princeton_Rays
providence_bruins	https://en.wikipedia.org/wiki/Providence_Bruins
pulaski_yankees	https://en.wikipedia.org/wiki/Pulaski_Yankees
qu%c3%a9bec_capitales	https://en.wikipedia.org/wiki/Qu%C3%A9bec_Capitales
quad_cities_river_bandits	https://en.wikipedia.org/wiki/Quad_Cities_River_Bandits
quad_city_steamwheelers_(2018%e2%80%93)	https://en.wikipedia.org/wiki/Quad_City_Steamwheelers_(2018%E2%80%93)
quad_city_storm	https://en.wikipedia.org/wiki/Quad_City_Storm
rancho_cucamonga_quakes	https://en.wikipedia.org/wiki/Rancho_Cucamonga_Quakes
rapid_city_rush	https://en.wikipedia.org/wiki/Rapid_City_Rush
raptors_905	https://en.wikipedia.org/wiki/Raptors_905
reading_fightin_phils	https://en.wikipedia.org/wiki/Reading_Fightin_Phils
reading_royals	https://en.wikipedia.org/wiki/Reading_Royals
real_monarchs	https://en.wikipedia.org/wiki/Real_Monarchs
real_salt_lake	https://en.wikipedia.org/wiki/Real_Salt_Lake
redwoods_lacrosse_club	https://en.wikipedia.org/wiki/Redwoods_Lacrosse_Club
reno_1868_fc	https://en.wikipedia.org/wiki/Reno_1868_FC
reno_aces	https://en.wikipedia.org/wiki/Reno_Aces
revolution_(ultimate)	https://en.wikipedia.org/wiki/Revolution_(ultimate)
richard_childress_racing	https://en.wikipedia.org/wiki/Richard_Childress_Racing
richard_petty_motorsports	https://en.wikipedia.org/wiki/Richard_Petty_Motorsports
richmond_flying_squirrels	https://en.wikipedia.org/wiki/Richmond_Flying_Squirrels
richmond_kickers	https://en.wikipedia.org/wiki/Richmond_Kickers
rick_ware_racing	https://en.wikipedia.org/wiki/Rick_Ware_Racing
rio_grande_valley_fc_toros	https://en.wikipedia.org/wiki/Rio_Grande_Valley_FC_Toros
rio_grande_valley_vipers	https://en.wikipedia.org/wiki/Rio_Grande_Valley_Vipers
rivi%c3%a8re-du-loup_3l	https://en.wikipedia.org/wiki/Rivi%C3%A8re-du-Loup_3L
roanoke_rail_yard_dawgs	https://en.wikipedia.org/wiki/Roanoke_Rail_Yard_Dawgs
rochester_americans	https://en.wikipedia.org/wiki/Rochester_Americans
rochester_knighthawks	https://en.wikipedia.org/wiki/Rochester_Knighthawks
rochester_lancers_(2011%e2%80%9315)	https://en.wikipedia.org/wiki/Rochester_Lancers_(2011%E2%80%9315)
rochester_red_wings	https://en.wikipedia.org/wiki/Rochester_Red_Wings
rocket_city_trash_pandas	https://en.wikipedia.org/wiki/Rocket_City_Trash_Pandas
rockford_icehogs	https://en.wikipedia.org/wiki/Rockford_IceHogs
rockland_boulders	https://en.wikipedia.org/wiki/Rockland_Boulders
rocky_mountain_vibes	https://en.wikipedia.org/wiki/Rocky_Mountain_Vibes
rome_braves	https://en.wikipedia.org/wiki/Rome_Braves
roswell_invaders	https://en.wikipedia.org/wiki/Roswell_Invaders
round_rock_express	https://en.wikipedia.org/wiki/Round_Rock_Express
roush-fenway_racing	https://en.wikipedia.org/wiki/Roush-Fenway_Racing
rugby_atl	https://en.wikipedia.org/wiki/Rugby_ATL
rugby_united_new_york	https://en.wikipedia.org/wiki/Rugby_United_New_York
sacramento_kings	https://en.wikipedia.org/wiki/Sacramento_Kings
sacramento_republic_fc	https://en.wikipedia.org/wiki/Sacramento_Republic_FC
sacramento_river_cats	https://en.wikipedia.org/wiki/Sacramento_River_Cats
saint-georges_cool_fm_103.5	https://en.wikipedia.org/wiki/Saint-Georges_Cool_FM_103.5
saint_louis_fc	https://en.wikipedia.org/wiki/Saint_Louis_FC
salem-keizer_volcanoes	https://en.wikipedia.org/wiki/Salem-Keizer_Volcanoes
salem_red_sox	https://en.wikipedia.org/wiki/Salem_Red_Sox
salina_liberty	https://en.wikipedia.org/wiki/Salina_Liberty
salt_lake_city_stars	https://en.wikipedia.org/wiki/Salt_Lake_City_Stars
san_antonio_fc	https://en.wikipedia.org/wiki/San_Antonio_FC
san_antonio_missions	https://en.wikipedia.org/wiki/San_Antonio_Missions
san_antonio_rampage	https://en.wikipedia.org/wiki/San_Antonio_Rampage
san_antonio_spurs	https://en.wikipedia.org/wiki/San_Antonio_Spurs
san_diego_aviators	https://en.wikipedia.org/wiki/San_Diego_Aviators
san_diego_growlers	https://en.wikipedia.org/wiki/San_Diego_Growlers
san_diego_gulls	https://en.wikipedia.org/wiki/San_Diego_Gulls
san_diego_legion	https://en.wikipedia.org/wiki/San_Diego_Legion
san_diego_loyal_sc	https://en.wikipedia.org/wiki/San_Diego_Loyal_SC
san_diego_seals	https://en.wikipedia.org/wiki/San_Diego_Seals
san_diego_sockers_(2009%e2%80%93)	https://en.wikipedia.org/wiki/San_Diego_Sockers_(2009%E2%80%93)
san_diego_strike_force	https://en.wikipedia.org/wiki/San_Diego_Strike_Force
san_francisco_49ers	https://en.wikipedia.org/wiki/San_Francisco_49ers
san_francisco_giants	https://en.wikipedia.org/wiki/San_Francisco_Giants
san_jose_barracuda	https://en.wikipedia.org/wiki/San_Jose_Barracuda
san_jose_earthquakes	https://en.wikipedia.org/wiki/San_Jose_Earthquakes
san_jose_giants	https://en.wikipedia.org/wiki/San_Jose_Giants
san_jose_sharks	https://en.wikipedia.org/wiki/San_Jose_Sharks
san_rafael_pacifics	https://en.wikipedia.org/wiki/San_Rafael_Pacifics
santa_cruz_warriors	https://en.wikipedia.org/wiki/Santa_Cruz_Warriors
saskatchewan_rattlers	https://en.wikipedia.org/wiki/Saskatchewan_Rattlers
saskatchewan_roughriders	https://en.wikipedia.org/wiki/Saskatchewan_Roughriders
schaumburg_boomers	https://en.wikipedia.org/wiki/Schaumburg_Boomers
wilkes-barre_railriders	https://en.wikipedia.org/wiki/Scranton/Wilkes-Barre_RailRiders
seattle_cascades_(audl)	https://en.wikipedia.org/wiki/Seattle_Cascades_(AUDL)
seattle_mariners	https://en.wikipedia.org/wiki/Seattle_Mariners
seattle_seawolves	https://en.wikipedia.org/wiki/Seattle_Seawolves
seattle_sounders_fc	https://en.wikipedia.org/wiki/Seattle_Sounders_FC
seattle_storm	https://en.wikipedia.org/wiki/Seattle_Storm
sioux_city_bandits	https://en.wikipedia.org/wiki/Sioux_City_Bandits
sioux_city_explorers	https://en.wikipedia.org/wiki/Sioux_City_Explorers
sioux_falls_canaries	https://en.wikipedia.org/wiki/Sioux_Falls_Canaries
sioux_falls_skyforce	https://en.wikipedia.org/wiki/Sioux_Falls_Skyforce
sioux_falls_storm	https://en.wikipedia.org/wiki/Sioux_Falls_Storm
sky_blue_fc	https://en.wikipedia.org/wiki/Sky_Blue_FC
soles_de_sonora	https://en.wikipedia.org/wiki/Soles_de_Sonora
somerset_patriots	https://en.wikipedia.org/wiki/Somerset_Patriots
sorel-tracy_hawks	https://en.wikipedia.org/wiki/Sorel-Tracy_Hawks
south_atlantic_league	https://en.wikipedia.org/wiki/South_Atlantic_League
south_bay_lakers	https://en.wikipedia.org/wiki/South_Bay_Lakers
south_bend_cubs	https://en.wikipedia.org/wiki/South_Bend_Cubs
south_carolina_stingrays	https://en.wikipedia.org/wiki/South_Carolina_Stingrays
southern_illinois_miners	https://en.wikipedia.org/wiki/Southern_Illinois_Miners
southern_league_(baseball)	https://en.wikipedia.org/wiki/Southern_League_(baseball)
southern_maryland_blue_crabs	https://en.wikipedia.org/wiki/Southern_Maryland_Blue_Crabs
southern_professional_hockey_league	https://en.wikipedia.org/wiki/Southern_Professional_Hockey_League
spire_motorsports	https://en.wikipedia.org/wiki/Spire_Motorsports
spokane_indians	https://en.wikipedia.org/wiki/Spokane_Indians
sporting_kansas_city	https://en.wikipedia.org/wiki/Sporting_Kansas_City
sportsplex_at_matthews	https://en.wikipedia.org/wiki/Sportsplex_at_Matthews
st._john%27s_edge	https://en.wikipedia.org/wiki/St._John%27s_Edge
st._louis_ambush_(2013%e2%80%93)	https://en.wikipedia.org/wiki/St._Louis_Ambush_(2013%E2%80%93)
st._louis_blues	https://en.wikipedia.org/wiki/St._Louis_Blues
st._louis_cardinals	https://en.wikipedia.org/wiki/St._Louis_Cardinals
st._lucie_mets	https://en.wikipedia.org/wiki/St._Lucie_Mets
st._paul_saints	https://en.wikipedia.org/wiki/St._Paul_Saints
starcom_racing	https://en.wikipedia.org/wiki/StarCom_Racing
state_college_spikes	https://en.wikipedia.org/wiki/State_College_Spikes
staten_island_yankees	https://en.wikipedia.org/wiki/Staten_Island_Yankees
stewart-haas_racing	https://en.wikipedia.org/wiki/Stewart-Haas_Racing
stockton_heat	https://en.wikipedia.org/wiki/Stockton_Heat
stockton_kings	https://en.wikipedia.org/wiki/Stockton_Kings
stockton_ports	https://en.wikipedia.org/wiki/Stockton_Ports
sudbury_five	https://en.wikipedia.org/wiki/Sudbury_Five
sugar_land_skeeters	https://en.wikipedia.org/wiki/Sugar_Land_Skeeters
super_league	https://en.wikipedia.org/wiki/Super_League
sussex_county_miners	https://en.wikipedia.org/wiki/Sussex_County_Miners
syracuse_crunch	https://en.wikipedia.org/wiki/Syracuse_Crunch
syracuse_mets	https://en.wikipedia.org/wiki/Syracuse_Mets
tacoma_defiance	https://en.wikipedia.org/wiki/Tacoma_Defiance
tacoma_rainiers	https://en.wikipedia.org/wiki/Tacoma_Rainiers
tacoma_stars	https://en.wikipedia.org/wiki/Tacoma_Stars
tampa_bay_buccaneers	https://en.wikipedia.org/wiki/Tampa_Bay_Buccaneers
tampa_bay_lightning	https://en.wikipedia.org/wiki/Tampa_Bay_Lightning
tampa_bay_rays	https://en.wikipedia.org/wiki/Tampa_Bay_Rays
tampa_bay_rowdies	https://en.wikipedia.org/wiki/Tampa_Bay_Rowdies
tampa_tarpons	https://en.wikipedia.org/wiki/Tampa_Tarpons
team_penske	https://en.wikipedia.org/wiki/Team_Penske
tennessee_smokies	https://en.wikipedia.org/wiki/Tennessee_Smokies
tennessee_titans	https://en.wikipedia.org/wiki/Tennessee_Titans
texas_airhogs	https://en.wikipedia.org/wiki/Texas_AirHogs
texas_league	https://en.wikipedia.org/wiki/Texas_League
texas_legends	https://en.wikipedia.org/wiki/Texas_Legends
texas_rangers_(baseball)	https://en.wikipedia.org/wiki/Texas_Rangers_(baseball)
texas_stars	https://en.wikipedia.org/wiki/Texas_Stars
the_depot_at_cleburne_station	https://en.wikipedia.org/wiki/The_Depot_at_Cleburne_Station
thetford_assurancia	https://en.wikipedia.org/wiki/Thetford_Assurancia
toledo_mud_hens	https://en.wikipedia.org/wiki/Toledo_Mud_Hens
toledo_walleye	https://en.wikipedia.org/wiki/Toledo_Walleye
tormenta_fc	https://en.wikipedia.org/wiki/Tormenta_FC
toronto_argonauts	https://en.wikipedia.org/wiki/Toronto_Argonauts
toronto_arrows	https://en.wikipedia.org/wiki/Toronto_Arrows
toronto_blue_jays	https://en.wikipedia.org/wiki/Toronto_Blue_Jays
toronto_fc	https://en.wikipedia.org/wiki/Toronto_FC
toronto_maple_leafs	https://en.wikipedia.org/wiki/Toronto_Maple_Leafs
toronto_marlies	https://en.wikipedia.org/wiki/Toronto_Marlies
toronto_raptors	https://en.wikipedia.org/wiki/Toronto_Raptors
toronto_rock	https://en.wikipedia.org/wiki/Toronto_Rock
toronto_six	https://en.wikipedia.org/wiki/Toronto_Six
toronto_wolfpack	https://en.wikipedia.org/wiki/Toronto_Wolfpack
trenton_thunder	https://en.wikipedia.org/wiki/Trenton_Thunder
tri-city_dust_devils	https://en.wikipedia.org/wiki/Tri-City_Dust_Devils
tri-city_valleycats	https://en.wikipedia.org/wiki/Tri-City_ValleyCats
trinidad_triggers	https://en.wikipedia.org/wiki/Trinidad_Triggers
trois-rivi%c3%a8res_aigles_(frontier_league)	https://en.wikipedia.org/wiki/Trois-Rivi%C3%A8res_Aigles_(Frontier_League)
tucson_roadrunners	https://en.wikipedia.org/wiki/Tucson_Roadrunners
tucson_saguaros	https://en.wikipedia.org/wiki/Tucson_Saguaros
tulsa_drillers	https://en.wikipedia.org/wiki/Tulsa_Drillers
tulsa_oilers	https://en.wikipedia.org/wiki/Tulsa_Oilers
turlock_cal_express	https://en.wikipedia.org/wiki/Turlock_Cal_Express
u.s._steel_yard	https://en.wikipedia.org/wiki/U.S._Steel_Yard
usa_rugby_league	https://en.wikipedia.org/wiki/USA_Rugby_League
usl_championship	https://en.wikipedia.org/wiki/USL_Championship
usl_league_one	https://en.wikipedia.org/wiki/USL_League_One
union_omaha	https://en.wikipedia.org/wiki/Union_Omaha
utah_grizzlies	https://en.wikipedia.org/wiki/Utah_Grizzlies
utah_jazz	https://en.wikipedia.org/wiki/Utah_Jazz
utah_royals_fc	https://en.wikipedia.org/wiki/Utah_Royals_FC
utah_warriors	https://en.wikipedia.org/wiki/Utah_Warriors
utica_city_fc	https://en.wikipedia.org/wiki/Utica_City_FC
utica_comets	https://en.wikipedia.org/wiki/Utica_Comets
valour_fc	https://en.wikipedia.org/wiki/Valour_FC
vancouver_canadians	https://en.wikipedia.org/wiki/Vancouver_Canadians
vancouver_canucks	https://en.wikipedia.org/wiki/Vancouver_Canucks
vancouver_warriors	https://en.wikipedia.org/wiki/Vancouver_Warriors
vancouver_whitecaps_fc	https://en.wikipedia.org/wiki/Vancouver_Whitecaps_FC
vegas_golden_knights	https://en.wikipedia.org/wiki/Vegas_Golden_Knights
vegas_rollers	https://en.wikipedia.org/wiki/Vegas_Rollers
vermont_lake_monsters	https://en.wikipedia.org/wiki/Vermont_Lake_Monsters
visalia_rawhide	https://en.wikipedia.org/wiki/Visalia_Rawhide
wasco_reserve	https://en.wikipedia.org/wiki/Wasco_Reserve
washington_capitals	https://en.wikipedia.org/wiki/Washington_Capitals
washington_dc_shadow	https://en.wikipedia.org/wiki/Washington_DC_Shadow
washington_kastles	https://en.wikipedia.org/wiki/Washington_Kastles
washington_mystics	https://en.wikipedia.org/wiki/Washington_Mystics
washington_nationals	https://en.wikipedia.org/wiki/Washington_Nationals
washington_spirit	https://en.wikipedia.org/wiki/Washington_Spirit
washington_wild_things	https://en.wikipedia.org/wiki/Washington_Wild_Things
washington_wizards	https://en.wikipedia.org/wiki/Washington_Wizards
waterdogs_lacrosse_club	https://en.wikipedia.org/wiki/Waterdogs_Lacrosse_Club
watertown_wolves	https://en.wikipedia.org/wiki/Watertown_Wolves
west_michigan_ironmen	https://en.wikipedia.org/wiki/West_Michigan_Ironmen
west_michigan_whitecaps	https://en.wikipedia.org/wiki/West_Michigan_Whitecaps
west_virginia_black_bears	https://en.wikipedia.org/wiki/West_Virginia_Black_Bears
west_virginia_power	https://en.wikipedia.org/wiki/West_Virginia_Power
west_virginia_roughriders	https://en.wikipedia.org/wiki/West_Virginia_Roughriders
westchester_knicks	https://en.wikipedia.org/wiki/Westchester_Knicks
wheeling_nailers	https://en.wikipedia.org/wiki/Wheeling_Nailers
whipsnakes_lacrosse_club	https://en.wikipedia.org/wiki/Whipsnakes_Lacrosse_Club
wichita_thunder	https://en.wikipedia.org/wiki/Wichita_Thunder
wichita_wind_surge	https://en.wikipedia.org/wiki/Wichita_Wind_Surge
scranton_penguins	https://en.wikipedia.org/wiki/Wilkes-Barre/Scranton_Penguins
williamsport_crosscutters	https://en.wikipedia.org/wiki/Williamsport_Crosscutters
wilmington_blue_rocks	https://en.wikipedia.org/wiki/Wilmington_Blue_Rocks
windsor_express	https://en.wikipedia.org/wiki/Windsor_Express
windy_city_bulls	https://en.wikipedia.org/wiki/Windy_City_Bulls
windy_city_thunderbolts	https://en.wikipedia.org/wiki/Windy_City_ThunderBolts
winnipeg_blue_bombers	https://en.wikipedia.org/wiki/Winnipeg_Blue_Bombers
winnipeg_goldeyes	https://en.wikipedia.org/wiki/Winnipeg_Goldeyes
winnipeg_jets	https://en.wikipedia.org/wiki/Winnipeg_Jets
winston-salem_dash	https://en.wikipedia.org/wiki/Winston-Salem_Dash
wisconsin_herd	https://en.wikipedia.org/wiki/Wisconsin_Herd
wisconsin_timber_rattlers	https://en.wikipedia.org/wiki/Wisconsin_Timber_Rattlers
women%27s_national_basketball_association	https://en.wikipedia.org/wiki/Women%27s_National_Basketball_Association
wood_brothers_racing	https://en.wikipedia.org/wiki/Wood_Brothers_Racing
worcester_railers	https://en.wikipedia.org/wiki/Worcester_Railers
worcester_red_sox	https://en.wikipedia.org/wiki/Worcester_Red_Sox
world_teamtennis	https://en.wikipedia.org/wiki/World_TeamTennis
york9_fc	https://en.wikipedia.org/wiki/York9_FC
york_revolution	https://en.wikipedia.org/wiki/York_Revolution